<?xml version="1.0"?>
  <database name="TABLE OBPBOMV_BOM_VERSION_PRODUCT">
    <table name="OBPBOMV_BOM_VERSION_PRODUCT" primaryKey="OBPBOMV_BOM_VERSION_PROD_KEY">
      <column name="OBPBOMV_BOM_VERSION_PRODUCT_ID" primaryKey="true" required="true" type="VARCHAR" size="32" autoIncrement="false">
        <default/>
        <onCreateDefault/>
      </column>
      <column name="AD_CLIENT_ID" primaryKey="false" required="true" type="VARCHAR" size="32" autoIncrement="false">
        <default/>
        <onCreateDefault/>
      </column>
      <column name="AD_ORG_ID" primaryKey="false" required="true" type="VARCHAR" size="32" autoIncrement="false">
        <default/>
        <onCreateDefault/>
      </column>
      <column name="ISACTIVE" primaryKey="false" required="true" type="CHAR" size="1" autoIncrement="false">
        <default><![CDATA[Y]]></default>
        <onCreateDefault/>
      </column>
      <column name="CREATED" primaryKey="false" required="true" type="TIMESTAMP" size="7" autoIncrement="false">
        <default><![CDATA[SYSDATE]]></default>
        <onCreateDefault/>
      </column>
      <column name="CREATEDBY" primaryKey="false" required="true" type="VARCHAR" size="32" autoIncrement="false">
        <default/>
        <onCreateDefault/>
      </column>
      <column name="UPDATED" primaryKey="false" required="true" type="TIMESTAMP" size="7" autoIncrement="false">
        <default><![CDATA[SYSDATE]]></default>
        <onCreateDefault/>
      </column>
      <column name="UPDATEDBY" primaryKey="false" required="true" type="VARCHAR" size="32" autoIncrement="false">
        <default/>
        <onCreateDefault/>
      </column>
      <column name="OBPBOMV_BOM_VERSION_ID" primaryKey="false" required="true" type="VARCHAR" size="32" autoIncrement="false">
        <default/>
        <onCreateDefault/>
      </column>
      <column name="M_PRODUCT_ID" primaryKey="false" required="true" type="VARCHAR" size="32" autoIncrement="false">
        <default/>
        <onCreateDefault/>
      </column>
      <column name="BOMQTY" primaryKey="false" required="true" type="DECIMAL" autoIncrement="false">
        <default><![CDATA[1]]></default>
        <onCreateDefault/>
      </column>
      <column name="LINENO" primaryKey="false" required="true" type="DECIMAL" autoIncrement="false">
        <default><![CDATA[10]]></default>
        <onCreateDefault/>
      </column>
      <column name="DESCRIPTION" primaryKey="false" required="false" type="NVARCHAR" size="255" autoIncrement="false">
        <default/>
        <onCreateDefault/>
      </column>
      <foreign-key foreignTable="AD_CLIENT" name="OBPBOMV_PRODUCT_AD_CLIENT">
        <reference local="AD_CLIENT_ID" foreign="AD_CLIENT_ID"/>
      </foreign-key>
      <foreign-key foreignTable="AD_ORG" name="OBPBOMV_PRODUCT_AD_ORG">
        <reference local="AD_ORG_ID" foreign="AD_ORG_ID"/>
      </foreign-key>
      <foreign-key foreignTable="M_PRODUCT" name="OBPBOMV_PRODUCT_M_PRODUCT_ID">
        <reference local="M_PRODUCT_ID" foreign="M_PRODUCT_ID"/>
      </foreign-key>
      <foreign-key foreignTable="OBPBOMV_BOM_VERSION" name="OBPBOMV_PRODUCT_VERSION_ID">
        <reference local="OBPBOMV_BOM_VERSION_ID" foreign="OBPBOMV_BOM_VERSION_ID"/>
      </foreign-key>
      <index name="OBPBOMV_PROD_BOM_VERSION_IDX" unique="false">
        <index-column name="OBPBOMV_BOM_VERSION_ID"/>
      </index>
      <check name="OBPBOMV_PROD_ISACTIVE_CHECK"><![CDATA[ISACTIVE IN ('Y', 'N')]]></check>
    </table>
  </database>
