<?xml version="1.0"?>
  <vector>
    <versionInfo version="3.0.31774"/>
    <columnDataChange tablename="AD_COLUMN" columnname="AD_REFERENCE_ID" pkRow="1783">
      <oldValue><![CDATA[30]]></oldValue>
      <newValue><![CDATA[95E2A8B50A254B2AAE6774B8C2F28120]]></newValue>
    </columnDataChange>
    <columnDataChange tablename="AD_COLUMN" columnname="AD_REFERENCE_VALUE_ID" pkRow="1783">
      <oldValue><![CDATA[800060]]></oldValue>
      <newValue><![CDATA[1D11A1FB1085401AAB6FB3AC04C56010]]></newValue>
    </columnDataChange>
    <columnDataChange tablename="AD_COLUMN" columnname="EM_OBUIAPP_PROCESS_ID" pkRow="4712">
      <oldValue/>
      <newValue><![CDATA[8414A9996094486E88A314AC29D809E0]]></newValue>
    </columnDataChange>
    <columnDataChange tablename="AD_TAB" columnname="ISACTIVE" pkRow="181">
      <oldValue><![CDATA[N]]></oldValue>
      <newValue><![CDATA[Y]]></newValue>
    </columnDataChange>
    <columnDataChange tablename="AD_TAB" columnname="UIPATTERN" pkRow="181">
      <oldValue><![CDATA[STD]]></oldValue>
      <newValue><![CDATA[ED]]></newValue>
    </columnDataChange>
      <columnDataChange tablename="AD_TAB" columnname="SEQNO" pkRow="181">
      <oldValue><![CDATA[40]]></oldValue>
      <newValue><![CDATA[48]]></newValue>
    </columnDataChange>
  </vector>
