<?xml version='1.0' encoding='UTF-8'?>
<data>
<!--477DAC6C1DFC4648BBC181C66DE1EA37--><AD_MODULE_DEPENDENCY>
<!--477DAC6C1DFC4648BBC181C66DE1EA37-->  <AD_MODULE_DEPENDENCY_ID><![CDATA[477DAC6C1DFC4648BBC181C66DE1EA37]]></AD_MODULE_DEPENDENCY_ID>
<!--477DAC6C1DFC4648BBC181C66DE1EA37-->  <AD_CLIENT_ID><![CDATA[0]]></AD_CLIENT_ID>
<!--477DAC6C1DFC4648BBC181C66DE1EA37-->  <AD_ORG_ID><![CDATA[0]]></AD_ORG_ID>
<!--477DAC6C1DFC4648BBC181C66DE1EA37-->  <ISACTIVE><![CDATA[Y]]></ISACTIVE>
<!--477DAC6C1DFC4648BBC181C66DE1EA37-->  <AD_MODULE_ID><![CDATA[BDD7822D6B2F42AAAF0E501EEC8E8401]]></AD_MODULE_ID>
<!--477DAC6C1DFC4648BBC181C66DE1EA37-->  <AD_DEPENDENT_MODULE_ID><![CDATA[0138E7A89B5E4DC3932462252801FFBC]]></AD_DEPENDENT_MODULE_ID>
<!--477DAC6C1DFC4648BBC181C66DE1EA37-->  <STARTVERSION><![CDATA[3.0.36214]]></STARTVERSION>
<!--477DAC6C1DFC4648BBC181C66DE1EA37-->  <ISINCLUDED><![CDATA[N]]></ISINCLUDED>
<!--477DAC6C1DFC4648BBC181C66DE1EA37-->  <DEPENDANT_MODULE_NAME><![CDATA[Openbravo 3.0]]></DEPENDANT_MODULE_NAME>
<!--477DAC6C1DFC4648BBC181C66DE1EA37-->  <DEPENDENCY_ENFORCEMENT><![CDATA[MAJOR]]></DEPENDENCY_ENFORCEMENT>
<!--477DAC6C1DFC4648BBC181C66DE1EA37-->  <USER_EDITABLE_ENFORCEMENT><![CDATA[N]]></USER_EDITABLE_ENFORCEMENT>
<!--477DAC6C1DFC4648BBC181C66DE1EA37--></AD_MODULE_DEPENDENCY>

</data>
