<?xml version='1.0' encoding='UTF-8'?>
<data>
<!--BDD7822D6B2F42AAAF0E501EEC8E8401--><AD_MODULE>
<!--BDD7822D6B2F42AAAF0E501EEC8E8401-->  <AD_MODULE_ID><![CDATA[BDD7822D6B2F42AAAF0E501EEC8E8401]]></AD_MODULE_ID>
<!--BDD7822D6B2F42AAAF0E501EEC8E8401-->  <AD_CLIENT_ID><![CDATA[0]]></AD_CLIENT_ID>
<!--BDD7822D6B2F42AAAF0E501EEC8E8401-->  <AD_ORG_ID><![CDATA[0]]></AD_ORG_ID>
<!--BDD7822D6B2F42AAAF0E501EEC8E8401-->  <ISACTIVE><![CDATA[Y]]></ISACTIVE>
<!--BDD7822D6B2F42AAAF0E501EEC8E8401-->  <NAME><![CDATA[Product BOM Versions Template]]></NAME>
<!--BDD7822D6B2F42AAAF0E501EEC8E8401-->  <VERSION><![CDATA[1.0.100]]></VERSION>
<!--BDD7822D6B2F42AAAF0E501EEC8E8401-->  <DESCRIPTION><![CDATA[Product BOM Versions Template]]></DESCRIPTION>
<!--BDD7822D6B2F42AAAF0E501EEC8E8401-->  <HELP><![CDATA[With this template you can configure changes for product bom version module.]]></HELP>
<!--BDD7822D6B2F42AAAF0E501EEC8E8401-->  <URL><![CDATA[www.openbravo.com]]></URL>
<!--BDD7822D6B2F42AAAF0E501EEC8E8401-->  <TYPE><![CDATA[T]]></TYPE>
<!--BDD7822D6B2F42AAAF0E501EEC8E8401-->  <LICENSE><![CDATA[Licensed under the Openbravo Public License version 1.1. You may obtain a copy of the License at http://www.openbravo.com/legal/license.html or in the legal folder of the Openbravo ERP core distribution.]]></LICENSE>
<!--BDD7822D6B2F42AAAF0E501EEC8E8401-->  <JAVAPACKAGE><![CDATA[org.openbravo.module.productbomversion.template]]></JAVAPACKAGE>
<!--BDD7822D6B2F42AAAF0E501EEC8E8401-->  <LICENSETYPE><![CDATA[OBPL]]></LICENSETYPE>
<!--BDD7822D6B2F42AAAF0E501EEC8E8401-->  <AUTHOR><![CDATA[Openbravo S.L.U.]]></AUTHOR>
<!--BDD7822D6B2F42AAAF0E501EEC8E8401-->  <ISTRANSLATIONREQUIRED><![CDATA[Y]]></ISTRANSLATIONREQUIRED>
<!--BDD7822D6B2F42AAAF0E501EEC8E8401-->  <AD_LANGUAGE><![CDATA[en_US]]></AD_LANGUAGE>
<!--BDD7822D6B2F42AAAF0E501EEC8E8401-->  <HASCHARTOFACCOUNTS><![CDATA[N]]></HASCHARTOFACCOUNTS>
<!--BDD7822D6B2F42AAAF0E501EEC8E8401-->  <ISTRANSLATIONMODULE><![CDATA[N]]></ISTRANSLATIONMODULE>
<!--BDD7822D6B2F42AAAF0E501EEC8E8401-->  <HASREFERENCEDATA><![CDATA[N]]></HASREFERENCEDATA>
<!--BDD7822D6B2F42AAAF0E501EEC8E8401-->  <ISCOMMERCIAL><![CDATA[N]]></ISCOMMERCIAL>
<!--BDD7822D6B2F42AAAF0E501EEC8E8401-->  <ISTRIALALLOWED><![CDATA[N]]></ISTRIALALLOWED>
<!--BDD7822D6B2F42AAAF0E501EEC8E8401--></AD_MODULE>

</data>
