<?xml version='1.0' encoding='UTF-8'?>
<data>
<!--C89EEEA9B5DC40F58D3F00A5A1D13FE4--><AD_DATASET_TABLE>
<!--C89EEEA9B5DC40F58D3F00A5A1D13FE4-->  <AD_DATASET_TABLE_ID><![CDATA[C89EEEA9B5DC40F58D3F00A5A1D13FE4]]></AD_DATASET_TABLE_ID>
<!--C89EEEA9B5DC40F58D3F00A5A1D13FE4-->  <AD_CLIENT_ID><![CDATA[0]]></AD_CLIENT_ID>
<!--C89EEEA9B5DC40F58D3F00A5A1D13FE4-->  <AD_ORG_ID><![CDATA[0]]></AD_ORG_ID>
<!--C89EEEA9B5DC40F58D3F00A5A1D13FE4-->  <ISACTIVE><![CDATA[Y]]></ISACTIVE>
<!--C89EEEA9B5DC40F58D3F00A5A1D13FE4-->  <AD_DATASET_ID><![CDATA[D81C5C810AEF47C690E4F688ABC8AAC8]]></AD_DATASET_ID>
<!--C89EEEA9B5DC40F58D3F00A5A1D13FE4-->  <AD_TABLE_ID><![CDATA[7049BA01DA344D408BA2421C8078FE65]]></AD_TABLE_ID>
<!--C89EEEA9B5DC40F58D3F00A5A1D13FE4-->  <INCLUDEALLCOLUMNS><![CDATA[Y]]></INCLUDEALLCOLUMNS>
<!--C89EEEA9B5DC40F58D3F00A5A1D13FE4-->  <WHERECLAUSE><![CDATA[client.id=:ClientID]]></WHERECLAUSE>
<!--C89EEEA9B5DC40F58D3F00A5A1D13FE4-->  <EXCLUDEAUDITINFO><![CDATA[N]]></EXCLUDEAUDITINFO>
<!--C89EEEA9B5DC40F58D3F00A5A1D13FE4-->  <ISBUSINESSOBJECT><![CDATA[N]]></ISBUSINESSOBJECT>
<!--C89EEEA9B5DC40F58D3F00A5A1D13FE4-->  <AD_MODULE_ID><![CDATA[90BF6D14AEB94BBE9C19D67BA59F6679]]></AD_MODULE_ID>
<!--C89EEEA9B5DC40F58D3F00A5A1D13FE4--></AD_DATASET_TABLE>

<!--CB078F105DDD4D68B511835E18C19A71--><AD_DATASET_TABLE>
<!--CB078F105DDD4D68B511835E18C19A71-->  <AD_DATASET_TABLE_ID><![CDATA[CB078F105DDD4D68B511835E18C19A71]]></AD_DATASET_TABLE_ID>
<!--CB078F105DDD4D68B511835E18C19A71-->  <AD_CLIENT_ID><![CDATA[0]]></AD_CLIENT_ID>
<!--CB078F105DDD4D68B511835E18C19A71-->  <AD_ORG_ID><![CDATA[0]]></AD_ORG_ID>
<!--CB078F105DDD4D68B511835E18C19A71-->  <ISACTIVE><![CDATA[Y]]></ISACTIVE>
<!--CB078F105DDD4D68B511835E18C19A71-->  <AD_DATASET_ID><![CDATA[D81C5C810AEF47C690E4F688ABC8AAC8]]></AD_DATASET_ID>
<!--CB078F105DDD4D68B511835E18C19A71-->  <AD_TABLE_ID><![CDATA[8153867B9360463280602CC7FD70B81C]]></AD_TABLE_ID>
<!--CB078F105DDD4D68B511835E18C19A71-->  <INCLUDEALLCOLUMNS><![CDATA[Y]]></INCLUDEALLCOLUMNS>
<!--CB078F105DDD4D68B511835E18C19A71-->  <WHERECLAUSE><![CDATA[client.id=:ClientID]]></WHERECLAUSE>
<!--CB078F105DDD4D68B511835E18C19A71-->  <EXCLUDEAUDITINFO><![CDATA[N]]></EXCLUDEAUDITINFO>
<!--CB078F105DDD4D68B511835E18C19A71-->  <ISBUSINESSOBJECT><![CDATA[N]]></ISBUSINESSOBJECT>
<!--CB078F105DDD4D68B511835E18C19A71-->  <AD_MODULE_ID><![CDATA[90BF6D14AEB94BBE9C19D67BA59F6679]]></AD_MODULE_ID>
<!--CB078F105DDD4D68B511835E18C19A71--></AD_DATASET_TABLE>

</data>
