<?xml version='1.0' encoding='UTF-8'?>
<data>
<!--240C630FD3164A1B98D819BE6D26354D--><AD_ELEMENT>
<!--240C630FD3164A1B98D819BE6D26354D-->  <AD_ELEMENT_ID><![CDATA[240C630FD3164A1B98D819BE6D26354D]]></AD_ELEMENT_ID>
<!--240C630FD3164A1B98D819BE6D26354D-->  <AD_CLIENT_ID><![CDATA[0]]></AD_CLIENT_ID>
<!--240C630FD3164A1B98D819BE6D26354D-->  <AD_ORG_ID><![CDATA[0]]></AD_ORG_ID>
<!--240C630FD3164A1B98D819BE6D26354D-->  <ISACTIVE><![CDATA[Y]]></ISACTIVE>
<!--240C630FD3164A1B98D819BE6D26354D-->  <COLUMNNAME><![CDATA[EM_Obpbomv_Issubstitute]]></COLUMNNAME>
<!--240C630FD3164A1B98D819BE6D26354D-->  <NAME><![CDATA[Is Substitute]]></NAME>
<!--240C630FD3164A1B98D819BE6D26354D-->  <PRINTNAME><![CDATA[Is Substitute]]></PRINTNAME>
<!--240C630FD3164A1B98D819BE6D26354D-->  <DESCRIPTION><![CDATA[Is substitute]]></DESCRIPTION>
<!--240C630FD3164A1B98D819BE6D26354D-->  <HELP><![CDATA[Is substitute]]></HELP>
<!--240C630FD3164A1B98D819BE6D26354D-->  <AD_MODULE_ID><![CDATA[90BF6D14AEB94BBE9C19D67BA59F6679]]></AD_MODULE_ID>
<!--240C630FD3164A1B98D819BE6D26354D-->  <ISGLOSSARY><![CDATA[N]]></ISGLOSSARY>
<!--240C630FD3164A1B98D819BE6D26354D--></AD_ELEMENT>

<!--67614F326ACE4DF8A155ACDCDF77E65F--><AD_ELEMENT>
<!--67614F326ACE4DF8A155ACDCDF77E65F-->  <AD_ELEMENT_ID><![CDATA[67614F326ACE4DF8A155ACDCDF77E65F]]></AD_ELEMENT_ID>
<!--67614F326ACE4DF8A155ACDCDF77E65F-->  <AD_CLIENT_ID><![CDATA[0]]></AD_CLIENT_ID>
<!--67614F326ACE4DF8A155ACDCDF77E65F-->  <AD_ORG_ID><![CDATA[0]]></AD_ORG_ID>
<!--67614F326ACE4DF8A155ACDCDF77E65F-->  <ISACTIVE><![CDATA[Y]]></ISACTIVE>
<!--67614F326ACE4DF8A155ACDCDF77E65F-->  <COLUMNNAME><![CDATA[EM_Obpbomv_Substituteprocess]]></COLUMNNAME>
<!--67614F326ACE4DF8A155ACDCDF77E65F-->  <NAME><![CDATA[Add Substitute]]></NAME>
<!--67614F326ACE4DF8A155ACDCDF77E65F-->  <PRINTNAME><![CDATA[Add Substitute]]></PRINTNAME>
<!--67614F326ACE4DF8A155ACDCDF77E65F-->  <DESCRIPTION><![CDATA[ Process to allow the addition of substitute products]]></DESCRIPTION>
<!--67614F326ACE4DF8A155ACDCDF77E65F-->  <HELP><![CDATA[Allows to add products as substitute for others.]]></HELP>
<!--67614F326ACE4DF8A155ACDCDF77E65F-->  <AD_MODULE_ID><![CDATA[90BF6D14AEB94BBE9C19D67BA59F6679]]></AD_MODULE_ID>
<!--67614F326ACE4DF8A155ACDCDF77E65F-->  <ISGLOSSARY><![CDATA[N]]></ISGLOSSARY>
<!--67614F326ACE4DF8A155ACDCDF77E65F--></AD_ELEMENT>

<!--6B2E042B0ED34CC3BFF9E20AD76C1940--><AD_ELEMENT>
<!--6B2E042B0ED34CC3BFF9E20AD76C1940-->  <AD_ELEMENT_ID><![CDATA[6B2E042B0ED34CC3BFF9E20AD76C1940]]></AD_ELEMENT_ID>
<!--6B2E042B0ED34CC3BFF9E20AD76C1940-->  <AD_CLIENT_ID><![CDATA[0]]></AD_CLIENT_ID>
<!--6B2E042B0ED34CC3BFF9E20AD76C1940-->  <AD_ORG_ID><![CDATA[0]]></AD_ORG_ID>
<!--6B2E042B0ED34CC3BFF9E20AD76C1940-->  <ISACTIVE><![CDATA[Y]]></ISACTIVE>
<!--6B2E042B0ED34CC3BFF9E20AD76C1940-->  <COLUMNNAME><![CDATA[Obpbomv_Verifybomprocess]]></COLUMNNAME>
<!--6B2E042B0ED34CC3BFF9E20AD76C1940-->  <NAME><![CDATA[Verify BOM Version]]></NAME>
<!--6B2E042B0ED34CC3BFF9E20AD76C1940-->  <PRINTNAME><![CDATA[Verify Bom]]></PRINTNAME>
<!--6B2E042B0ED34CC3BFF9E20AD76C1940-->  <DESCRIPTION><![CDATA[Process that verifies a BOM as well as BOM Version including substitute products]]></DESCRIPTION>
<!--6B2E042B0ED34CC3BFF9E20AD76C1940-->  <HELP><![CDATA[Process that verifies a BOM as well as BOM Version including substitute products. This process verifies that there are no cycles on defines Bill of Materials or Bill of Material Versions.]]></HELP>
<!--6B2E042B0ED34CC3BFF9E20AD76C1940-->  <AD_MODULE_ID><![CDATA[90BF6D14AEB94BBE9C19D67BA59F6679]]></AD_MODULE_ID>
<!--6B2E042B0ED34CC3BFF9E20AD76C1940-->  <ISGLOSSARY><![CDATA[N]]></ISGLOSSARY>
<!--6B2E042B0ED34CC3BFF9E20AD76C1940--></AD_ELEMENT>

<!--8C9D9E440B7D426DB207495D8E872172--><AD_ELEMENT>
<!--8C9D9E440B7D426DB207495D8E872172-->  <AD_ELEMENT_ID><![CDATA[8C9D9E440B7D426DB207495D8E872172]]></AD_ELEMENT_ID>
<!--8C9D9E440B7D426DB207495D8E872172-->  <AD_CLIENT_ID><![CDATA[0]]></AD_CLIENT_ID>
<!--8C9D9E440B7D426DB207495D8E872172-->  <AD_ORG_ID><![CDATA[0]]></AD_ORG_ID>
<!--8C9D9E440B7D426DB207495D8E872172-->  <ISACTIVE><![CDATA[Y]]></ISACTIVE>
<!--8C9D9E440B7D426DB207495D8E872172-->  <COLUMNNAME><![CDATA[Obpbomv_Bomverified]]></COLUMNNAME>
<!--8C9D9E440B7D426DB207495D8E872172-->  <NAME><![CDATA[Bom Verified]]></NAME>
<!--8C9D9E440B7D426DB207495D8E872172-->  <PRINTNAME><![CDATA[Obpbomv_Bomverified]]></PRINTNAME>
<!--8C9D9E440B7D426DB207495D8E872172-->  <DESCRIPTION><![CDATA[Flag that indicates that a BOM Version has been verified so it is ready to be used.]]></DESCRIPTION>
<!--8C9D9E440B7D426DB207495D8E872172-->  <HELP><![CDATA[Flag that indicates that a BOM Version has been verified so it is ready to be used.]]></HELP>
<!--8C9D9E440B7D426DB207495D8E872172-->  <AD_MODULE_ID><![CDATA[90BF6D14AEB94BBE9C19D67BA59F6679]]></AD_MODULE_ID>
<!--8C9D9E440B7D426DB207495D8E872172-->  <ISGLOSSARY><![CDATA[N]]></ISGLOSSARY>
<!--8C9D9E440B7D426DB207495D8E872172--></AD_ELEMENT>

<!--AACA0B64CA014A3581763AFFB17B9EB0--><AD_ELEMENT>
<!--AACA0B64CA014A3581763AFFB17B9EB0-->  <AD_ELEMENT_ID><![CDATA[AACA0B64CA014A3581763AFFB17B9EB0]]></AD_ELEMENT_ID>
<!--AACA0B64CA014A3581763AFFB17B9EB0-->  <AD_CLIENT_ID><![CDATA[0]]></AD_CLIENT_ID>
<!--AACA0B64CA014A3581763AFFB17B9EB0-->  <AD_ORG_ID><![CDATA[0]]></AD_ORG_ID>
<!--AACA0B64CA014A3581763AFFB17B9EB0-->  <ISACTIVE><![CDATA[Y]]></ISACTIVE>
<!--AACA0B64CA014A3581763AFFB17B9EB0-->  <COLUMNNAME><![CDATA[Obpbomv_Bom_Version_Product_ID]]></COLUMNNAME>
<!--AACA0B64CA014A3581763AFFB17B9EB0-->  <NAME><![CDATA[Obpbomv_Bom_Version_Product_ID]]></NAME>
<!--AACA0B64CA014A3581763AFFB17B9EB0-->  <PRINTNAME><![CDATA[Obpbomv_Bom_Version_Product_ID]]></PRINTNAME>
<!--AACA0B64CA014A3581763AFFB17B9EB0-->  <DESCRIPTION><![CDATA[A product that is part of a Bill of Material version of a particular product]]></DESCRIPTION>
<!--AACA0B64CA014A3581763AFFB17B9EB0-->  <HELP><![CDATA[A product that is part of a Bill of Material version of a particular product]]></HELP>
<!--AACA0B64CA014A3581763AFFB17B9EB0-->  <AD_MODULE_ID><![CDATA[90BF6D14AEB94BBE9C19D67BA59F6679]]></AD_MODULE_ID>
<!--AACA0B64CA014A3581763AFFB17B9EB0-->  <ISGLOSSARY><![CDATA[N]]></ISGLOSSARY>
<!--AACA0B64CA014A3581763AFFB17B9EB0--></AD_ELEMENT>

<!--F5161005766F470DA7B8456D5C46BA4D--><AD_ELEMENT>
<!--F5161005766F470DA7B8456D5C46BA4D-->  <AD_ELEMENT_ID><![CDATA[F5161005766F470DA7B8456D5C46BA4D]]></AD_ELEMENT_ID>
<!--F5161005766F470DA7B8456D5C46BA4D-->  <AD_CLIENT_ID><![CDATA[0]]></AD_CLIENT_ID>
<!--F5161005766F470DA7B8456D5C46BA4D-->  <AD_ORG_ID><![CDATA[0]]></AD_ORG_ID>
<!--F5161005766F470DA7B8456D5C46BA4D-->  <ISACTIVE><![CDATA[Y]]></ISACTIVE>
<!--F5161005766F470DA7B8456D5C46BA4D-->  <COLUMNNAME><![CDATA[Obpbomv_Bom_Version_ID]]></COLUMNNAME>
<!--F5161005766F470DA7B8456D5C46BA4D-->  <NAME><![CDATA[Obpbomv_Bom_Version_ID]]></NAME>
<!--F5161005766F470DA7B8456D5C46BA4D-->  <PRINTNAME><![CDATA[Obpbomv_Bom_Version_ID]]></PRINTNAME>
<!--F5161005766F470DA7B8456D5C46BA4D-->  <DESCRIPTION><![CDATA[Version of Bill of Materials for a particular product in a period of time]]></DESCRIPTION>
<!--F5161005766F470DA7B8456D5C46BA4D-->  <HELP><![CDATA[Version of Bill of Materials for a particular product in a period of time]]></HELP>
<!--F5161005766F470DA7B8456D5C46BA4D-->  <AD_MODULE_ID><![CDATA[90BF6D14AEB94BBE9C19D67BA59F6679]]></AD_MODULE_ID>
<!--F5161005766F470DA7B8456D5C46BA4D-->  <ISGLOSSARY><![CDATA[N]]></ISGLOSSARY>
<!--F5161005766F470DA7B8456D5C46BA4D--></AD_ELEMENT>

<!--FCBDBB84551E469A831CBBB6E9B7D601--><AD_ELEMENT>
<!--FCBDBB84551E469A831CBBB6E9B7D601-->  <AD_ELEMENT_ID><![CDATA[FCBDBB84551E469A831CBBB6E9B7D601]]></AD_ELEMENT_ID>
<!--FCBDBB84551E469A831CBBB6E9B7D601-->  <AD_CLIENT_ID><![CDATA[0]]></AD_CLIENT_ID>
<!--FCBDBB84551E469A831CBBB6E9B7D601-->  <AD_ORG_ID><![CDATA[0]]></AD_ORG_ID>
<!--FCBDBB84551E469A831CBBB6E9B7D601-->  <ISACTIVE><![CDATA[Y]]></ISACTIVE>
<!--FCBDBB84551E469A831CBBB6E9B7D601-->  <COLUMNNAME><![CDATA[Obpbomv_Process]]></COLUMNNAME>
<!--FCBDBB84551E469A831CBBB6E9B7D601-->  <NAME><![CDATA[Create BOM Version]]></NAME>
<!--FCBDBB84551E469A831CBBB6E9B7D601-->  <PRINTNAME><![CDATA[Create BOM Version]]></PRINTNAME>
<!--FCBDBB84551E469A831CBBB6E9B7D601-->  <DESCRIPTION><![CDATA[Process that allows to create a BOM Version based on current Bill of Materials of the product.]]></DESCRIPTION>
<!--FCBDBB84551E469A831CBBB6E9B7D601-->  <HELP><![CDATA[Process that allows to create a BOM Version based on current Bill of Materials of the product.]]></HELP>
<!--FCBDBB84551E469A831CBBB6E9B7D601-->  <AD_MODULE_ID><![CDATA[90BF6D14AEB94BBE9C19D67BA59F6679]]></AD_MODULE_ID>
<!--FCBDBB84551E469A831CBBB6E9B7D601-->  <ISGLOSSARY><![CDATA[N]]></ISGLOSSARY>
<!--FCBDBB84551E469A831CBBB6E9B7D601--></AD_ELEMENT>

</data>
