<?xml version='1.0' encoding='UTF-8'?>
<data>
<!--299938C37F6C4942B2F4B09A254D3647--><AD_FIELD>
<!--299938C37F6C4942B2F4B09A254D3647-->  <AD_FIELD_ID><![CDATA[299938C37F6C4942B2F4B09A254D3647]]></AD_FIELD_ID>
<!--299938C37F6C4942B2F4B09A254D3647-->  <AD_CLIENT_ID><![CDATA[0]]></AD_CLIENT_ID>
<!--299938C37F6C4942B2F4B09A254D3647-->  <AD_ORG_ID><![CDATA[0]]></AD_ORG_ID>
<!--299938C37F6C4942B2F4B09A254D3647-->  <ISACTIVE><![CDATA[Y]]></ISACTIVE>
<!--299938C37F6C4942B2F4B09A254D3647-->  <NAME><![CDATA[Client]]></NAME>
<!--299938C37F6C4942B2F4B09A254D3647-->  <DESCRIPTION><![CDATA[Client for this installation.]]></DESCRIPTION>
<!--299938C37F6C4942B2F4B09A254D3647-->  <HELP><![CDATA[A Client is a company or a legal entity. You cannot share data between Clients.]]></HELP>
<!--299938C37F6C4942B2F4B09A254D3647-->  <ISCENTRALLYMAINTAINED><![CDATA[Y]]></ISCENTRALLYMAINTAINED>
<!--299938C37F6C4942B2F4B09A254D3647-->  <AD_TAB_ID><![CDATA[BBDCA9ACF9864957A8A3A4FF468D59C4]]></AD_TAB_ID>
<!--299938C37F6C4942B2F4B09A254D3647-->  <AD_COLUMN_ID><![CDATA[05F451F80C794849BA2EEE1E694924B3]]></AD_COLUMN_ID>
<!--299938C37F6C4942B2F4B09A254D3647-->  <IGNOREINWAD><![CDATA[N]]></IGNOREINWAD>
<!--299938C37F6C4942B2F4B09A254D3647-->  <ISDISPLAYED><![CDATA[N]]></ISDISPLAYED>
<!--299938C37F6C4942B2F4B09A254D3647-->  <DISPLAYLENGTH><![CDATA[32]]></DISPLAYLENGTH>
<!--299938C37F6C4942B2F4B09A254D3647-->  <ISREADONLY><![CDATA[N]]></ISREADONLY>
<!--299938C37F6C4942B2F4B09A254D3647-->  <ISSAMELINE><![CDATA[N]]></ISSAMELINE>
<!--299938C37F6C4942B2F4B09A254D3647-->  <ISFIELDONLY><![CDATA[N]]></ISFIELDONLY>
<!--299938C37F6C4942B2F4B09A254D3647-->  <ISENCRYPTED><![CDATA[N]]></ISENCRYPTED>
<!--299938C37F6C4942B2F4B09A254D3647-->  <SHOWINRELATION><![CDATA[N]]></SHOWINRELATION>
<!--299938C37F6C4942B2F4B09A254D3647-->  <ISFIRSTFOCUSEDFIELD><![CDATA[N]]></ISFIRSTFOCUSEDFIELD>
<!--299938C37F6C4942B2F4B09A254D3647-->  <AD_MODULE_ID><![CDATA[90BF6D14AEB94BBE9C19D67BA59F6679]]></AD_MODULE_ID>
<!--299938C37F6C4942B2F4B09A254D3647-->  <STARTINODDCOLUMN><![CDATA[N]]></STARTINODDCOLUMN>
<!--299938C37F6C4942B2F4B09A254D3647-->  <STARTNEWLINE><![CDATA[N]]></STARTNEWLINE>
<!--299938C37F6C4942B2F4B09A254D3647-->  <ISSHOWNINSTATUSBAR><![CDATA[N]]></ISSHOWNINSTATUSBAR>
<!--299938C37F6C4942B2F4B09A254D3647-->  <EM_OBUIAPP_SHOWSUMMARY><![CDATA[N]]></EM_OBUIAPP_SHOWSUMMARY>
<!--299938C37F6C4942B2F4B09A254D3647--></AD_FIELD>

<!--2D80F18A4BEA40B5BCB08CACFE24601B--><AD_FIELD>
<!--2D80F18A4BEA40B5BCB08CACFE24601B-->  <AD_FIELD_ID><![CDATA[2D80F18A4BEA40B5BCB08CACFE24601B]]></AD_FIELD_ID>
<!--2D80F18A4BEA40B5BCB08CACFE24601B-->  <AD_CLIENT_ID><![CDATA[0]]></AD_CLIENT_ID>
<!--2D80F18A4BEA40B5BCB08CACFE24601B-->  <AD_ORG_ID><![CDATA[0]]></AD_ORG_ID>
<!--2D80F18A4BEA40B5BCB08CACFE24601B-->  <ISACTIVE><![CDATA[Y]]></ISACTIVE>
<!--2D80F18A4BEA40B5BCB08CACFE24601B-->  <NAME><![CDATA[Name]]></NAME>
<!--2D80F18A4BEA40B5BCB08CACFE24601B-->  <DESCRIPTION><![CDATA[A non-unique identifier for a record/document often used as a search tool.]]></DESCRIPTION>
<!--2D80F18A4BEA40B5BCB08CACFE24601B-->  <HELP><![CDATA[A more descriptive identifier (that does need to be unique) of a record/document that is used as a default search option along with the search key (that is unique and mostly shorter). It is up to 60 characters in length.]]></HELP>
<!--2D80F18A4BEA40B5BCB08CACFE24601B-->  <ISCENTRALLYMAINTAINED><![CDATA[Y]]></ISCENTRALLYMAINTAINED>
<!--2D80F18A4BEA40B5BCB08CACFE24601B-->  <AD_TAB_ID><![CDATA[B2DCE0D3DF3D4F8380CCF4E854C489EA]]></AD_TAB_ID>
<!--2D80F18A4BEA40B5BCB08CACFE24601B-->  <AD_COLUMN_ID><![CDATA[47C48C4558824389A7375B251D9AB694]]></AD_COLUMN_ID>
<!--2D80F18A4BEA40B5BCB08CACFE24601B-->  <IGNOREINWAD><![CDATA[N]]></IGNOREINWAD>
<!--2D80F18A4BEA40B5BCB08CACFE24601B-->  <ISDISPLAYED><![CDATA[Y]]></ISDISPLAYED>
<!--2D80F18A4BEA40B5BCB08CACFE24601B-->  <DISPLAYLENGTH><![CDATA[60]]></DISPLAYLENGTH>
<!--2D80F18A4BEA40B5BCB08CACFE24601B-->  <ISREADONLY><![CDATA[N]]></ISREADONLY>
<!--2D80F18A4BEA40B5BCB08CACFE24601B-->  <SEQNO><![CDATA[20]]></SEQNO>
<!--2D80F18A4BEA40B5BCB08CACFE24601B-->  <ISSAMELINE><![CDATA[N]]></ISSAMELINE>
<!--2D80F18A4BEA40B5BCB08CACFE24601B-->  <ISFIELDONLY><![CDATA[N]]></ISFIELDONLY>
<!--2D80F18A4BEA40B5BCB08CACFE24601B-->  <ISENCRYPTED><![CDATA[N]]></ISENCRYPTED>
<!--2D80F18A4BEA40B5BCB08CACFE24601B-->  <SHOWINRELATION><![CDATA[Y]]></SHOWINRELATION>
<!--2D80F18A4BEA40B5BCB08CACFE24601B-->  <ISFIRSTFOCUSEDFIELD><![CDATA[N]]></ISFIRSTFOCUSEDFIELD>
<!--2D80F18A4BEA40B5BCB08CACFE24601B-->  <AD_MODULE_ID><![CDATA[90BF6D14AEB94BBE9C19D67BA59F6679]]></AD_MODULE_ID>
<!--2D80F18A4BEA40B5BCB08CACFE24601B-->  <GRID_SEQNO><![CDATA[20]]></GRID_SEQNO>
<!--2D80F18A4BEA40B5BCB08CACFE24601B-->  <STARTINODDCOLUMN><![CDATA[N]]></STARTINODDCOLUMN>
<!--2D80F18A4BEA40B5BCB08CACFE24601B-->  <STARTNEWLINE><![CDATA[N]]></STARTNEWLINE>
<!--2D80F18A4BEA40B5BCB08CACFE24601B-->  <ISSHOWNINSTATUSBAR><![CDATA[N]]></ISSHOWNINSTATUSBAR>
<!--2D80F18A4BEA40B5BCB08CACFE24601B-->  <EM_OBUIAPP_SHOWSUMMARY><![CDATA[N]]></EM_OBUIAPP_SHOWSUMMARY>
<!--2D80F18A4BEA40B5BCB08CACFE24601B--></AD_FIELD>

<!--3BE3450BE5DA4D0C81DE7D947225AA08--><AD_FIELD>
<!--3BE3450BE5DA4D0C81DE7D947225AA08-->  <AD_FIELD_ID><![CDATA[3BE3450BE5DA4D0C81DE7D947225AA08]]></AD_FIELD_ID>
<!--3BE3450BE5DA4D0C81DE7D947225AA08-->  <AD_CLIENT_ID><![CDATA[0]]></AD_CLIENT_ID>
<!--3BE3450BE5DA4D0C81DE7D947225AA08-->  <AD_ORG_ID><![CDATA[0]]></AD_ORG_ID>
<!--3BE3450BE5DA4D0C81DE7D947225AA08-->  <ISACTIVE><![CDATA[Y]]></ISACTIVE>
<!--3BE3450BE5DA4D0C81DE7D947225AA08-->  <NAME><![CDATA[Description]]></NAME>
<!--3BE3450BE5DA4D0C81DE7D947225AA08-->  <DESCRIPTION><![CDATA[A space to write additional related information.]]></DESCRIPTION>
<!--3BE3450BE5DA4D0C81DE7D947225AA08-->  <HELP><![CDATA[A description is limited to 255 characters.]]></HELP>
<!--3BE3450BE5DA4D0C81DE7D947225AA08-->  <ISCENTRALLYMAINTAINED><![CDATA[Y]]></ISCENTRALLYMAINTAINED>
<!--3BE3450BE5DA4D0C81DE7D947225AA08-->  <AD_TAB_ID><![CDATA[B2DCE0D3DF3D4F8380CCF4E854C489EA]]></AD_TAB_ID>
<!--3BE3450BE5DA4D0C81DE7D947225AA08-->  <AD_COLUMN_ID><![CDATA[480B172B40334F089C474B1C823E938E]]></AD_COLUMN_ID>
<!--3BE3450BE5DA4D0C81DE7D947225AA08-->  <IGNOREINWAD><![CDATA[N]]></IGNOREINWAD>
<!--3BE3450BE5DA4D0C81DE7D947225AA08-->  <ISDISPLAYED><![CDATA[Y]]></ISDISPLAYED>
<!--3BE3450BE5DA4D0C81DE7D947225AA08-->  <DISPLAYLENGTH><![CDATA[255]]></DISPLAYLENGTH>
<!--3BE3450BE5DA4D0C81DE7D947225AA08-->  <ISREADONLY><![CDATA[N]]></ISREADONLY>
<!--3BE3450BE5DA4D0C81DE7D947225AA08-->  <SEQNO><![CDATA[30]]></SEQNO>
<!--3BE3450BE5DA4D0C81DE7D947225AA08-->  <ISSAMELINE><![CDATA[N]]></ISSAMELINE>
<!--3BE3450BE5DA4D0C81DE7D947225AA08-->  <ISFIELDONLY><![CDATA[N]]></ISFIELDONLY>
<!--3BE3450BE5DA4D0C81DE7D947225AA08-->  <ISENCRYPTED><![CDATA[N]]></ISENCRYPTED>
<!--3BE3450BE5DA4D0C81DE7D947225AA08-->  <SHOWINRELATION><![CDATA[Y]]></SHOWINRELATION>
<!--3BE3450BE5DA4D0C81DE7D947225AA08-->  <ISFIRSTFOCUSEDFIELD><![CDATA[N]]></ISFIRSTFOCUSEDFIELD>
<!--3BE3450BE5DA4D0C81DE7D947225AA08-->  <AD_MODULE_ID><![CDATA[90BF6D14AEB94BBE9C19D67BA59F6679]]></AD_MODULE_ID>
<!--3BE3450BE5DA4D0C81DE7D947225AA08-->  <GRID_SEQNO><![CDATA[30]]></GRID_SEQNO>
<!--3BE3450BE5DA4D0C81DE7D947225AA08-->  <STARTINODDCOLUMN><![CDATA[N]]></STARTINODDCOLUMN>
<!--3BE3450BE5DA4D0C81DE7D947225AA08-->  <STARTNEWLINE><![CDATA[N]]></STARTNEWLINE>
<!--3BE3450BE5DA4D0C81DE7D947225AA08-->  <ISSHOWNINSTATUSBAR><![CDATA[N]]></ISSHOWNINSTATUSBAR>
<!--3BE3450BE5DA4D0C81DE7D947225AA08-->  <EM_OBUIAPP_SHOWSUMMARY><![CDATA[N]]></EM_OBUIAPP_SHOWSUMMARY>
<!--3BE3450BE5DA4D0C81DE7D947225AA08--></AD_FIELD>

<!--46EE4F9B9EF4429B8E52E95BC5F55E86--><AD_FIELD>
<!--46EE4F9B9EF4429B8E52E95BC5F55E86-->  <AD_FIELD_ID><![CDATA[46EE4F9B9EF4429B8E52E95BC5F55E86]]></AD_FIELD_ID>
<!--46EE4F9B9EF4429B8E52E95BC5F55E86-->  <AD_CLIENT_ID><![CDATA[0]]></AD_CLIENT_ID>
<!--46EE4F9B9EF4429B8E52E95BC5F55E86-->  <AD_ORG_ID><![CDATA[0]]></AD_ORG_ID>
<!--46EE4F9B9EF4429B8E52E95BC5F55E86-->  <ISACTIVE><![CDATA[Y]]></ISACTIVE>
<!--46EE4F9B9EF4429B8E52E95BC5F55E86-->  <NAME><![CDATA[Is Substitute]]></NAME>
<!--46EE4F9B9EF4429B8E52E95BC5F55E86-->  <DESCRIPTION><![CDATA[Is substitute]]></DESCRIPTION>
<!--46EE4F9B9EF4429B8E52E95BC5F55E86-->  <HELP><![CDATA[Is substitute]]></HELP>
<!--46EE4F9B9EF4429B8E52E95BC5F55E86-->  <ISCENTRALLYMAINTAINED><![CDATA[Y]]></ISCENTRALLYMAINTAINED>
<!--46EE4F9B9EF4429B8E52E95BC5F55E86-->  <AD_TAB_ID><![CDATA[180]]></AD_TAB_ID>
<!--46EE4F9B9EF4429B8E52E95BC5F55E86-->  <AD_COLUMN_ID><![CDATA[69602930EFF142AB85926C9DCD25FC38]]></AD_COLUMN_ID>
<!--46EE4F9B9EF4429B8E52E95BC5F55E86-->  <IGNOREINWAD><![CDATA[N]]></IGNOREINWAD>
<!--46EE4F9B9EF4429B8E52E95BC5F55E86-->  <ISDISPLAYED><![CDATA[Y]]></ISDISPLAYED>
<!--46EE4F9B9EF4429B8E52E95BC5F55E86-->  <DISPLAYLENGTH><![CDATA[0]]></DISPLAYLENGTH>
<!--46EE4F9B9EF4429B8E52E95BC5F55E86-->  <ISREADONLY><![CDATA[N]]></ISREADONLY>
<!--46EE4F9B9EF4429B8E52E95BC5F55E86-->  <SEQNO><![CDATA[1410]]></SEQNO>
<!--46EE4F9B9EF4429B8E52E95BC5F55E86-->  <ISSAMELINE><![CDATA[N]]></ISSAMELINE>
<!--46EE4F9B9EF4429B8E52E95BC5F55E86-->  <ISFIELDONLY><![CDATA[N]]></ISFIELDONLY>
<!--46EE4F9B9EF4429B8E52E95BC5F55E86-->  <ISENCRYPTED><![CDATA[N]]></ISENCRYPTED>
<!--46EE4F9B9EF4429B8E52E95BC5F55E86-->  <SHOWINRELATION><![CDATA[N]]></SHOWINRELATION>
<!--46EE4F9B9EF4429B8E52E95BC5F55E86-->  <ISFIRSTFOCUSEDFIELD><![CDATA[N]]></ISFIRSTFOCUSEDFIELD>
<!--46EE4F9B9EF4429B8E52E95BC5F55E86-->  <AD_MODULE_ID><![CDATA[90BF6D14AEB94BBE9C19D67BA59F6679]]></AD_MODULE_ID>
<!--46EE4F9B9EF4429B8E52E95BC5F55E86-->  <GRID_SEQNO><![CDATA[210]]></GRID_SEQNO>
<!--46EE4F9B9EF4429B8E52E95BC5F55E86-->  <STARTINODDCOLUMN><![CDATA[N]]></STARTINODDCOLUMN>
<!--46EE4F9B9EF4429B8E52E95BC5F55E86-->  <STARTNEWLINE><![CDATA[N]]></STARTNEWLINE>
<!--46EE4F9B9EF4429B8E52E95BC5F55E86-->  <ISSHOWNINSTATUSBAR><![CDATA[N]]></ISSHOWNINSTATUSBAR>
<!--46EE4F9B9EF4429B8E52E95BC5F55E86-->  <EM_OBUIAPP_SHOWSUMMARY><![CDATA[N]]></EM_OBUIAPP_SHOWSUMMARY>
<!--46EE4F9B9EF4429B8E52E95BC5F55E86--></AD_FIELD>

<!--47F2C675E2944C61B82F7A84049210EE--><AD_FIELD>
<!--47F2C675E2944C61B82F7A84049210EE-->  <AD_FIELD_ID><![CDATA[47F2C675E2944C61B82F7A84049210EE]]></AD_FIELD_ID>
<!--47F2C675E2944C61B82F7A84049210EE-->  <AD_CLIENT_ID><![CDATA[0]]></AD_CLIENT_ID>
<!--47F2C675E2944C61B82F7A84049210EE-->  <AD_ORG_ID><![CDATA[0]]></AD_ORG_ID>
<!--47F2C675E2944C61B82F7A84049210EE-->  <ISACTIVE><![CDATA[Y]]></ISACTIVE>
<!--47F2C675E2944C61B82F7A84049210EE-->  <NAME><![CDATA[Obpbomv_Bom_Version_ID]]></NAME>
<!--47F2C675E2944C61B82F7A84049210EE-->  <DESCRIPTION><![CDATA[Version of Bill of Materials for a particular product in a period of time]]></DESCRIPTION>
<!--47F2C675E2944C61B82F7A84049210EE-->  <HELP><![CDATA[Version of Bill of Materials for a particular product in a period of time]]></HELP>
<!--47F2C675E2944C61B82F7A84049210EE-->  <ISCENTRALLYMAINTAINED><![CDATA[Y]]></ISCENTRALLYMAINTAINED>
<!--47F2C675E2944C61B82F7A84049210EE-->  <AD_TAB_ID><![CDATA[B2DCE0D3DF3D4F8380CCF4E854C489EA]]></AD_TAB_ID>
<!--47F2C675E2944C61B82F7A84049210EE-->  <AD_COLUMN_ID><![CDATA[7661AF4A89154BD9B21926034BD8FCA7]]></AD_COLUMN_ID>
<!--47F2C675E2944C61B82F7A84049210EE-->  <IGNOREINWAD><![CDATA[N]]></IGNOREINWAD>
<!--47F2C675E2944C61B82F7A84049210EE-->  <ISDISPLAYED><![CDATA[N]]></ISDISPLAYED>
<!--47F2C675E2944C61B82F7A84049210EE-->  <DISPLAYLENGTH><![CDATA[32]]></DISPLAYLENGTH>
<!--47F2C675E2944C61B82F7A84049210EE-->  <ISREADONLY><![CDATA[N]]></ISREADONLY>
<!--47F2C675E2944C61B82F7A84049210EE-->  <ISSAMELINE><![CDATA[N]]></ISSAMELINE>
<!--47F2C675E2944C61B82F7A84049210EE-->  <ISFIELDONLY><![CDATA[N]]></ISFIELDONLY>
<!--47F2C675E2944C61B82F7A84049210EE-->  <ISENCRYPTED><![CDATA[N]]></ISENCRYPTED>
<!--47F2C675E2944C61B82F7A84049210EE-->  <SHOWINRELATION><![CDATA[N]]></SHOWINRELATION>
<!--47F2C675E2944C61B82F7A84049210EE-->  <ISFIRSTFOCUSEDFIELD><![CDATA[N]]></ISFIRSTFOCUSEDFIELD>
<!--47F2C675E2944C61B82F7A84049210EE-->  <AD_MODULE_ID><![CDATA[90BF6D14AEB94BBE9C19D67BA59F6679]]></AD_MODULE_ID>
<!--47F2C675E2944C61B82F7A84049210EE-->  <STARTINODDCOLUMN><![CDATA[N]]></STARTINODDCOLUMN>
<!--47F2C675E2944C61B82F7A84049210EE-->  <STARTNEWLINE><![CDATA[N]]></STARTNEWLINE>
<!--47F2C675E2944C61B82F7A84049210EE-->  <ISSHOWNINSTATUSBAR><![CDATA[N]]></ISSHOWNINSTATUSBAR>
<!--47F2C675E2944C61B82F7A84049210EE-->  <EM_OBUIAPP_SHOWSUMMARY><![CDATA[N]]></EM_OBUIAPP_SHOWSUMMARY>
<!--47F2C675E2944C61B82F7A84049210EE--></AD_FIELD>

<!--54C91C34C1754C4187110B37E5429073--><AD_FIELD>
<!--54C91C34C1754C4187110B37E5429073-->  <AD_FIELD_ID><![CDATA[54C91C34C1754C4187110B37E5429073]]></AD_FIELD_ID>
<!--54C91C34C1754C4187110B37E5429073-->  <AD_CLIENT_ID><![CDATA[0]]></AD_CLIENT_ID>
<!--54C91C34C1754C4187110B37E5429073-->  <AD_ORG_ID><![CDATA[0]]></AD_ORG_ID>
<!--54C91C34C1754C4187110B37E5429073-->  <ISACTIVE><![CDATA[Y]]></ISACTIVE>
<!--54C91C34C1754C4187110B37E5429073-->  <NAME><![CDATA[Client]]></NAME>
<!--54C91C34C1754C4187110B37E5429073-->  <DESCRIPTION><![CDATA[Client for this installation.]]></DESCRIPTION>
<!--54C91C34C1754C4187110B37E5429073-->  <HELP><![CDATA[A Client is a company or a legal entity. You cannot share data between Clients.]]></HELP>
<!--54C91C34C1754C4187110B37E5429073-->  <ISCENTRALLYMAINTAINED><![CDATA[Y]]></ISCENTRALLYMAINTAINED>
<!--54C91C34C1754C4187110B37E5429073-->  <AD_TAB_ID><![CDATA[B2DCE0D3DF3D4F8380CCF4E854C489EA]]></AD_TAB_ID>
<!--54C91C34C1754C4187110B37E5429073-->  <AD_COLUMN_ID><![CDATA[FE729CE0EB6D481487B86A30EFF46982]]></AD_COLUMN_ID>
<!--54C91C34C1754C4187110B37E5429073-->  <IGNOREINWAD><![CDATA[N]]></IGNOREINWAD>
<!--54C91C34C1754C4187110B37E5429073-->  <ISDISPLAYED><![CDATA[N]]></ISDISPLAYED>
<!--54C91C34C1754C4187110B37E5429073-->  <DISPLAYLENGTH><![CDATA[32]]></DISPLAYLENGTH>
<!--54C91C34C1754C4187110B37E5429073-->  <ISREADONLY><![CDATA[N]]></ISREADONLY>
<!--54C91C34C1754C4187110B37E5429073-->  <ISSAMELINE><![CDATA[N]]></ISSAMELINE>
<!--54C91C34C1754C4187110B37E5429073-->  <ISFIELDONLY><![CDATA[N]]></ISFIELDONLY>
<!--54C91C34C1754C4187110B37E5429073-->  <ISENCRYPTED><![CDATA[N]]></ISENCRYPTED>
<!--54C91C34C1754C4187110B37E5429073-->  <SHOWINRELATION><![CDATA[N]]></SHOWINRELATION>
<!--54C91C34C1754C4187110B37E5429073-->  <ISFIRSTFOCUSEDFIELD><![CDATA[N]]></ISFIRSTFOCUSEDFIELD>
<!--54C91C34C1754C4187110B37E5429073-->  <AD_MODULE_ID><![CDATA[90BF6D14AEB94BBE9C19D67BA59F6679]]></AD_MODULE_ID>
<!--54C91C34C1754C4187110B37E5429073-->  <STARTINODDCOLUMN><![CDATA[N]]></STARTINODDCOLUMN>
<!--54C91C34C1754C4187110B37E5429073-->  <STARTNEWLINE><![CDATA[N]]></STARTNEWLINE>
<!--54C91C34C1754C4187110B37E5429073-->  <ISSHOWNINSTATUSBAR><![CDATA[N]]></ISSHOWNINSTATUSBAR>
<!--54C91C34C1754C4187110B37E5429073-->  <EM_OBUIAPP_SHOWSUMMARY><![CDATA[N]]></EM_OBUIAPP_SHOWSUMMARY>
<!--54C91C34C1754C4187110B37E5429073--></AD_FIELD>

<!--56395C102F1E4DEE952E12FD74982B38--><AD_FIELD>
<!--56395C102F1E4DEE952E12FD74982B38-->  <AD_FIELD_ID><![CDATA[56395C102F1E4DEE952E12FD74982B38]]></AD_FIELD_ID>
<!--56395C102F1E4DEE952E12FD74982B38-->  <AD_CLIENT_ID><![CDATA[0]]></AD_CLIENT_ID>
<!--56395C102F1E4DEE952E12FD74982B38-->  <AD_ORG_ID><![CDATA[0]]></AD_ORG_ID>
<!--56395C102F1E4DEE952E12FD74982B38-->  <ISACTIVE><![CDATA[Y]]></ISACTIVE>
<!--56395C102F1E4DEE952E12FD74982B38-->  <NAME><![CDATA[Obpbomv_Bom_Version_Product_ID]]></NAME>
<!--56395C102F1E4DEE952E12FD74982B38-->  <DESCRIPTION><![CDATA[A product that is part of a Bill of Material version of a particular product]]></DESCRIPTION>
<!--56395C102F1E4DEE952E12FD74982B38-->  <HELP><![CDATA[A product that is part of a Bill of Material version of a particular product]]></HELP>
<!--56395C102F1E4DEE952E12FD74982B38-->  <ISCENTRALLYMAINTAINED><![CDATA[Y]]></ISCENTRALLYMAINTAINED>
<!--56395C102F1E4DEE952E12FD74982B38-->  <AD_TAB_ID><![CDATA[BBDCA9ACF9864957A8A3A4FF468D59C4]]></AD_TAB_ID>
<!--56395C102F1E4DEE952E12FD74982B38-->  <AD_COLUMN_ID><![CDATA[8F266DE63FDF4B99BEA030F7E9C5C978]]></AD_COLUMN_ID>
<!--56395C102F1E4DEE952E12FD74982B38-->  <IGNOREINWAD><![CDATA[N]]></IGNOREINWAD>
<!--56395C102F1E4DEE952E12FD74982B38-->  <ISDISPLAYED><![CDATA[N]]></ISDISPLAYED>
<!--56395C102F1E4DEE952E12FD74982B38-->  <DISPLAYLENGTH><![CDATA[32]]></DISPLAYLENGTH>
<!--56395C102F1E4DEE952E12FD74982B38-->  <ISREADONLY><![CDATA[N]]></ISREADONLY>
<!--56395C102F1E4DEE952E12FD74982B38-->  <ISSAMELINE><![CDATA[N]]></ISSAMELINE>
<!--56395C102F1E4DEE952E12FD74982B38-->  <ISFIELDONLY><![CDATA[N]]></ISFIELDONLY>
<!--56395C102F1E4DEE952E12FD74982B38-->  <ISENCRYPTED><![CDATA[N]]></ISENCRYPTED>
<!--56395C102F1E4DEE952E12FD74982B38-->  <SHOWINRELATION><![CDATA[N]]></SHOWINRELATION>
<!--56395C102F1E4DEE952E12FD74982B38-->  <ISFIRSTFOCUSEDFIELD><![CDATA[N]]></ISFIRSTFOCUSEDFIELD>
<!--56395C102F1E4DEE952E12FD74982B38-->  <AD_MODULE_ID><![CDATA[90BF6D14AEB94BBE9C19D67BA59F6679]]></AD_MODULE_ID>
<!--56395C102F1E4DEE952E12FD74982B38-->  <STARTINODDCOLUMN><![CDATA[N]]></STARTINODDCOLUMN>
<!--56395C102F1E4DEE952E12FD74982B38-->  <STARTNEWLINE><![CDATA[N]]></STARTNEWLINE>
<!--56395C102F1E4DEE952E12FD74982B38-->  <ISSHOWNINSTATUSBAR><![CDATA[N]]></ISSHOWNINSTATUSBAR>
<!--56395C102F1E4DEE952E12FD74982B38-->  <EM_OBUIAPP_SHOWSUMMARY><![CDATA[N]]></EM_OBUIAPP_SHOWSUMMARY>
<!--56395C102F1E4DEE952E12FD74982B38--></AD_FIELD>

<!--5FAAAC8482F4426394D6E48F6C0202D9--><AD_FIELD>
<!--5FAAAC8482F4426394D6E48F6C0202D9-->  <AD_FIELD_ID><![CDATA[5FAAAC8482F4426394D6E48F6C0202D9]]></AD_FIELD_ID>
<!--5FAAAC8482F4426394D6E48F6C0202D9-->  <AD_CLIENT_ID><![CDATA[0]]></AD_CLIENT_ID>
<!--5FAAAC8482F4426394D6E48F6C0202D9-->  <AD_ORG_ID><![CDATA[0]]></AD_ORG_ID>
<!--5FAAAC8482F4426394D6E48F6C0202D9-->  <ISACTIVE><![CDATA[Y]]></ISACTIVE>
<!--5FAAAC8482F4426394D6E48F6C0202D9-->  <NAME><![CDATA[Obpbomv_Bom_Version_ID]]></NAME>
<!--5FAAAC8482F4426394D6E48F6C0202D9-->  <DESCRIPTION><![CDATA[Version of Bill of Materials for a particular product in a period of time]]></DESCRIPTION>
<!--5FAAAC8482F4426394D6E48F6C0202D9-->  <HELP><![CDATA[Version of Bill of Materials for a particular product in a period of time]]></HELP>
<!--5FAAAC8482F4426394D6E48F6C0202D9-->  <ISCENTRALLYMAINTAINED><![CDATA[Y]]></ISCENTRALLYMAINTAINED>
<!--5FAAAC8482F4426394D6E48F6C0202D9-->  <AD_TAB_ID><![CDATA[BBDCA9ACF9864957A8A3A4FF468D59C4]]></AD_TAB_ID>
<!--5FAAAC8482F4426394D6E48F6C0202D9-->  <AD_COLUMN_ID><![CDATA[6BFEAAFE4F2A433CA2F9252AF9AFD978]]></AD_COLUMN_ID>
<!--5FAAAC8482F4426394D6E48F6C0202D9-->  <IGNOREINWAD><![CDATA[N]]></IGNOREINWAD>
<!--5FAAAC8482F4426394D6E48F6C0202D9-->  <ISDISPLAYED><![CDATA[N]]></ISDISPLAYED>
<!--5FAAAC8482F4426394D6E48F6C0202D9-->  <DISPLAYLENGTH><![CDATA[32]]></DISPLAYLENGTH>
<!--5FAAAC8482F4426394D6E48F6C0202D9-->  <ISREADONLY><![CDATA[N]]></ISREADONLY>
<!--5FAAAC8482F4426394D6E48F6C0202D9-->  <SEQNO><![CDATA[20]]></SEQNO>
<!--5FAAAC8482F4426394D6E48F6C0202D9-->  <ISSAMELINE><![CDATA[N]]></ISSAMELINE>
<!--5FAAAC8482F4426394D6E48F6C0202D9-->  <ISFIELDONLY><![CDATA[N]]></ISFIELDONLY>
<!--5FAAAC8482F4426394D6E48F6C0202D9-->  <ISENCRYPTED><![CDATA[N]]></ISENCRYPTED>
<!--5FAAAC8482F4426394D6E48F6C0202D9-->  <SHOWINRELATION><![CDATA[N]]></SHOWINRELATION>
<!--5FAAAC8482F4426394D6E48F6C0202D9-->  <ISFIRSTFOCUSEDFIELD><![CDATA[N]]></ISFIRSTFOCUSEDFIELD>
<!--5FAAAC8482F4426394D6E48F6C0202D9-->  <AD_MODULE_ID><![CDATA[90BF6D14AEB94BBE9C19D67BA59F6679]]></AD_MODULE_ID>
<!--5FAAAC8482F4426394D6E48F6C0202D9-->  <STARTINODDCOLUMN><![CDATA[N]]></STARTINODDCOLUMN>
<!--5FAAAC8482F4426394D6E48F6C0202D9-->  <STARTNEWLINE><![CDATA[N]]></STARTNEWLINE>
<!--5FAAAC8482F4426394D6E48F6C0202D9-->  <ISSHOWNINSTATUSBAR><![CDATA[N]]></ISSHOWNINSTATUSBAR>
<!--5FAAAC8482F4426394D6E48F6C0202D9-->  <EM_OBUIAPP_SHOWSUMMARY><![CDATA[N]]></EM_OBUIAPP_SHOWSUMMARY>
<!--5FAAAC8482F4426394D6E48F6C0202D9--></AD_FIELD>

<!--60CA2F7BA0A84B9688CC3EFB19C8170C--><AD_FIELD>
<!--60CA2F7BA0A84B9688CC3EFB19C8170C-->  <AD_FIELD_ID><![CDATA[60CA2F7BA0A84B9688CC3EFB19C8170C]]></AD_FIELD_ID>
<!--60CA2F7BA0A84B9688CC3EFB19C8170C-->  <AD_CLIENT_ID><![CDATA[0]]></AD_CLIENT_ID>
<!--60CA2F7BA0A84B9688CC3EFB19C8170C-->  <AD_ORG_ID><![CDATA[0]]></AD_ORG_ID>
<!--60CA2F7BA0A84B9688CC3EFB19C8170C-->  <ISACTIVE><![CDATA[Y]]></ISACTIVE>
<!--60CA2F7BA0A84B9688CC3EFB19C8170C-->  <NAME><![CDATA[Verify BOM Version]]></NAME>
<!--60CA2F7BA0A84B9688CC3EFB19C8170C-->  <DESCRIPTION><![CDATA[Process that verifies a BOM as well as BOM Version including substitute products]]></DESCRIPTION>
<!--60CA2F7BA0A84B9688CC3EFB19C8170C-->  <HELP><![CDATA[Process that verifies a BOM as well as BOM Version including substitute products. This process verifies that there are no cycles on defines Bill of Materials or Bill of Material Versions.]]></HELP>
<!--60CA2F7BA0A84B9688CC3EFB19C8170C-->  <ISCENTRALLYMAINTAINED><![CDATA[Y]]></ISCENTRALLYMAINTAINED>
<!--60CA2F7BA0A84B9688CC3EFB19C8170C-->  <AD_TAB_ID><![CDATA[B2DCE0D3DF3D4F8380CCF4E854C489EA]]></AD_TAB_ID>
<!--60CA2F7BA0A84B9688CC3EFB19C8170C-->  <AD_COLUMN_ID><![CDATA[0CE6F26D68424E21904DA42E3A6250A9]]></AD_COLUMN_ID>
<!--60CA2F7BA0A84B9688CC3EFB19C8170C-->  <IGNOREINWAD><![CDATA[N]]></IGNOREINWAD>
<!--60CA2F7BA0A84B9688CC3EFB19C8170C-->  <ISDISPLAYED><![CDATA[Y]]></ISDISPLAYED>
<!--60CA2F7BA0A84B9688CC3EFB19C8170C-->  <DISPLAYLENGTH><![CDATA[0]]></DISPLAYLENGTH>
<!--60CA2F7BA0A84B9688CC3EFB19C8170C-->  <ISREADONLY><![CDATA[N]]></ISREADONLY>
<!--60CA2F7BA0A84B9688CC3EFB19C8170C-->  <SEQNO><![CDATA[90]]></SEQNO>
<!--60CA2F7BA0A84B9688CC3EFB19C8170C-->  <ISSAMELINE><![CDATA[N]]></ISSAMELINE>
<!--60CA2F7BA0A84B9688CC3EFB19C8170C-->  <ISFIELDONLY><![CDATA[N]]></ISFIELDONLY>
<!--60CA2F7BA0A84B9688CC3EFB19C8170C-->  <ISENCRYPTED><![CDATA[N]]></ISENCRYPTED>
<!--60CA2F7BA0A84B9688CC3EFB19C8170C-->  <SHOWINRELATION><![CDATA[N]]></SHOWINRELATION>
<!--60CA2F7BA0A84B9688CC3EFB19C8170C-->  <ISFIRSTFOCUSEDFIELD><![CDATA[N]]></ISFIRSTFOCUSEDFIELD>
<!--60CA2F7BA0A84B9688CC3EFB19C8170C-->  <AD_MODULE_ID><![CDATA[90BF6D14AEB94BBE9C19D67BA59F6679]]></AD_MODULE_ID>
<!--60CA2F7BA0A84B9688CC3EFB19C8170C-->  <STARTINODDCOLUMN><![CDATA[N]]></STARTINODDCOLUMN>
<!--60CA2F7BA0A84B9688CC3EFB19C8170C-->  <STARTNEWLINE><![CDATA[N]]></STARTNEWLINE>
<!--60CA2F7BA0A84B9688CC3EFB19C8170C-->  <ISSHOWNINSTATUSBAR><![CDATA[N]]></ISSHOWNINSTATUSBAR>
<!--60CA2F7BA0A84B9688CC3EFB19C8170C-->  <EM_OBUIAPP_SHOWSUMMARY><![CDATA[N]]></EM_OBUIAPP_SHOWSUMMARY>
<!--60CA2F7BA0A84B9688CC3EFB19C8170C--></AD_FIELD>

<!--6D51B78D1EC0430B888EB103B11F7BD9--><AD_FIELD>
<!--6D51B78D1EC0430B888EB103B11F7BD9-->  <AD_FIELD_ID><![CDATA[6D51B78D1EC0430B888EB103B11F7BD9]]></AD_FIELD_ID>
<!--6D51B78D1EC0430B888EB103B11F7BD9-->  <AD_CLIENT_ID><![CDATA[0]]></AD_CLIENT_ID>
<!--6D51B78D1EC0430B888EB103B11F7BD9-->  <AD_ORG_ID><![CDATA[0]]></AD_ORG_ID>
<!--6D51B78D1EC0430B888EB103B11F7BD9-->  <ISACTIVE><![CDATA[Y]]></ISACTIVE>
<!--6D51B78D1EC0430B888EB103B11F7BD9-->  <NAME><![CDATA[Active]]></NAME>
<!--6D51B78D1EC0430B888EB103B11F7BD9-->  <DESCRIPTION><![CDATA[A flag indicating whether this record is available for use or de-activated.]]></DESCRIPTION>
<!--6D51B78D1EC0430B888EB103B11F7BD9-->  <HELP><![CDATA[There are two methods of making records unavailable in the system: One is to delete the record, the other is to de-activate the record. A de-activated record is not available for selection, but available for reporting. There are two reasons for de-activating and not deleting records: 
(1) The system requires the record for auditing purposes.
(2) The record is referenced by other records. E.g., you cannot delete a Business Partner, if there are existing invoices for it. By de-activating the Business Partner you prevent it from being used in future transactions.]]></HELP>
<!--6D51B78D1EC0430B888EB103B11F7BD9-->  <ISCENTRALLYMAINTAINED><![CDATA[Y]]></ISCENTRALLYMAINTAINED>
<!--6D51B78D1EC0430B888EB103B11F7BD9-->  <AD_TAB_ID><![CDATA[B2DCE0D3DF3D4F8380CCF4E854C489EA]]></AD_TAB_ID>
<!--6D51B78D1EC0430B888EB103B11F7BD9-->  <AD_COLUMN_ID><![CDATA[15AED487780A4A03812E0DAF94520AE9]]></AD_COLUMN_ID>
<!--6D51B78D1EC0430B888EB103B11F7BD9-->  <IGNOREINWAD><![CDATA[N]]></IGNOREINWAD>
<!--6D51B78D1EC0430B888EB103B11F7BD9-->  <ISDISPLAYED><![CDATA[Y]]></ISDISPLAYED>
<!--6D51B78D1EC0430B888EB103B11F7BD9-->  <DISPLAYLENGTH><![CDATA[1]]></DISPLAYLENGTH>
<!--6D51B78D1EC0430B888EB103B11F7BD9-->  <ISREADONLY><![CDATA[N]]></ISREADONLY>
<!--6D51B78D1EC0430B888EB103B11F7BD9-->  <SEQNO><![CDATA[70]]></SEQNO>
<!--6D51B78D1EC0430B888EB103B11F7BD9-->  <ISSAMELINE><![CDATA[N]]></ISSAMELINE>
<!--6D51B78D1EC0430B888EB103B11F7BD9-->  <ISFIELDONLY><![CDATA[N]]></ISFIELDONLY>
<!--6D51B78D1EC0430B888EB103B11F7BD9-->  <ISENCRYPTED><![CDATA[N]]></ISENCRYPTED>
<!--6D51B78D1EC0430B888EB103B11F7BD9-->  <SHOWINRELATION><![CDATA[Y]]></SHOWINRELATION>
<!--6D51B78D1EC0430B888EB103B11F7BD9-->  <ISFIRSTFOCUSEDFIELD><![CDATA[N]]></ISFIRSTFOCUSEDFIELD>
<!--6D51B78D1EC0430B888EB103B11F7BD9-->  <AD_MODULE_ID><![CDATA[90BF6D14AEB94BBE9C19D67BA59F6679]]></AD_MODULE_ID>
<!--6D51B78D1EC0430B888EB103B11F7BD9-->  <GRID_SEQNO><![CDATA[70]]></GRID_SEQNO>
<!--6D51B78D1EC0430B888EB103B11F7BD9-->  <STARTINODDCOLUMN><![CDATA[N]]></STARTINODDCOLUMN>
<!--6D51B78D1EC0430B888EB103B11F7BD9-->  <STARTNEWLINE><![CDATA[Y]]></STARTNEWLINE>
<!--6D51B78D1EC0430B888EB103B11F7BD9-->  <ISSHOWNINSTATUSBAR><![CDATA[N]]></ISSHOWNINSTATUSBAR>
<!--6D51B78D1EC0430B888EB103B11F7BD9-->  <EM_OBUIAPP_SHOWSUMMARY><![CDATA[N]]></EM_OBUIAPP_SHOWSUMMARY>
<!--6D51B78D1EC0430B888EB103B11F7BD9--></AD_FIELD>

<!--7184DE128598418C844352DE39653974--><AD_FIELD>
<!--7184DE128598418C844352DE39653974-->  <AD_FIELD_ID><![CDATA[7184DE128598418C844352DE39653974]]></AD_FIELD_ID>
<!--7184DE128598418C844352DE39653974-->  <AD_CLIENT_ID><![CDATA[0]]></AD_CLIENT_ID>
<!--7184DE128598418C844352DE39653974-->  <AD_ORG_ID><![CDATA[0]]></AD_ORG_ID>
<!--7184DE128598418C844352DE39653974-->  <ISACTIVE><![CDATA[Y]]></ISACTIVE>
<!--7184DE128598418C844352DE39653974-->  <NAME><![CDATA[Organization]]></NAME>
<!--7184DE128598418C844352DE39653974-->  <DESCRIPTION><![CDATA[Organizational entity within client]]></DESCRIPTION>
<!--7184DE128598418C844352DE39653974-->  <HELP><![CDATA[An organization is a unit of your client or legal entity - examples are store, department. You can share data between organizations.]]></HELP>
<!--7184DE128598418C844352DE39653974-->  <ISCENTRALLYMAINTAINED><![CDATA[Y]]></ISCENTRALLYMAINTAINED>
<!--7184DE128598418C844352DE39653974-->  <AD_TAB_ID><![CDATA[B2DCE0D3DF3D4F8380CCF4E854C489EA]]></AD_TAB_ID>
<!--7184DE128598418C844352DE39653974-->  <AD_COLUMN_ID><![CDATA[7E50C52AB3C8416D9AD8E7BC23772C2F]]></AD_COLUMN_ID>
<!--7184DE128598418C844352DE39653974-->  <IGNOREINWAD><![CDATA[N]]></IGNOREINWAD>
<!--7184DE128598418C844352DE39653974-->  <ISDISPLAYED><![CDATA[Y]]></ISDISPLAYED>
<!--7184DE128598418C844352DE39653974-->  <DISPLAYLENGTH><![CDATA[0]]></DISPLAYLENGTH>
<!--7184DE128598418C844352DE39653974-->  <ISREADONLY><![CDATA[N]]></ISREADONLY>
<!--7184DE128598418C844352DE39653974-->  <SEQNO><![CDATA[10]]></SEQNO>
<!--7184DE128598418C844352DE39653974-->  <ISSAMELINE><![CDATA[N]]></ISSAMELINE>
<!--7184DE128598418C844352DE39653974-->  <ISFIELDONLY><![CDATA[N]]></ISFIELDONLY>
<!--7184DE128598418C844352DE39653974-->  <ISENCRYPTED><![CDATA[N]]></ISENCRYPTED>
<!--7184DE128598418C844352DE39653974-->  <SHOWINRELATION><![CDATA[Y]]></SHOWINRELATION>
<!--7184DE128598418C844352DE39653974-->  <ISFIRSTFOCUSEDFIELD><![CDATA[N]]></ISFIRSTFOCUSEDFIELD>
<!--7184DE128598418C844352DE39653974-->  <AD_MODULE_ID><![CDATA[90BF6D14AEB94BBE9C19D67BA59F6679]]></AD_MODULE_ID>
<!--7184DE128598418C844352DE39653974-->  <STARTINODDCOLUMN><![CDATA[N]]></STARTINODDCOLUMN>
<!--7184DE128598418C844352DE39653974-->  <STARTNEWLINE><![CDATA[N]]></STARTNEWLINE>
<!--7184DE128598418C844352DE39653974-->  <ISSHOWNINSTATUSBAR><![CDATA[N]]></ISSHOWNINSTATUSBAR>
<!--7184DE128598418C844352DE39653974-->  <EM_OBUIAPP_SHOWSUMMARY><![CDATA[N]]></EM_OBUIAPP_SHOWSUMMARY>
<!--7184DE128598418C844352DE39653974--></AD_FIELD>

<!--7E14CF472B9B4EDFB093BE7924BF9BC1--><AD_FIELD>
<!--7E14CF472B9B4EDFB093BE7924BF9BC1-->  <AD_FIELD_ID><![CDATA[7E14CF472B9B4EDFB093BE7924BF9BC1]]></AD_FIELD_ID>
<!--7E14CF472B9B4EDFB093BE7924BF9BC1-->  <AD_CLIENT_ID><![CDATA[0]]></AD_CLIENT_ID>
<!--7E14CF472B9B4EDFB093BE7924BF9BC1-->  <AD_ORG_ID><![CDATA[0]]></AD_ORG_ID>
<!--7E14CF472B9B4EDFB093BE7924BF9BC1-->  <ISACTIVE><![CDATA[Y]]></ISACTIVE>
<!--7E14CF472B9B4EDFB093BE7924BF9BC1-->  <NAME><![CDATA[Active]]></NAME>
<!--7E14CF472B9B4EDFB093BE7924BF9BC1-->  <DESCRIPTION><![CDATA[A flag indicating whether this record is available for use or de-activated.]]></DESCRIPTION>
<!--7E14CF472B9B4EDFB093BE7924BF9BC1-->  <HELP><![CDATA[There are two methods of making records unavailable in the system: One is to delete the record, the other is to de-activate the record. A de-activated record is not available for selection, but available for reporting. There are two reasons for de-activating and not deleting records: 
(1) The system requires the record for auditing purposes.
(2) The record is referenced by other records. E.g., you cannot delete a Business Partner, if there are existing invoices for it. By de-activating the Business Partner you prevent it from being used in future transactions.]]></HELP>
<!--7E14CF472B9B4EDFB093BE7924BF9BC1-->  <ISCENTRALLYMAINTAINED><![CDATA[Y]]></ISCENTRALLYMAINTAINED>
<!--7E14CF472B9B4EDFB093BE7924BF9BC1-->  <AD_TAB_ID><![CDATA[BBDCA9ACF9864957A8A3A4FF468D59C4]]></AD_TAB_ID>
<!--7E14CF472B9B4EDFB093BE7924BF9BC1-->  <AD_COLUMN_ID><![CDATA[DD73CAD4644149EE951DEB5AAC8E1A70]]></AD_COLUMN_ID>
<!--7E14CF472B9B4EDFB093BE7924BF9BC1-->  <IGNOREINWAD><![CDATA[N]]></IGNOREINWAD>
<!--7E14CF472B9B4EDFB093BE7924BF9BC1-->  <ISDISPLAYED><![CDATA[Y]]></ISDISPLAYED>
<!--7E14CF472B9B4EDFB093BE7924BF9BC1-->  <DISPLAYLENGTH><![CDATA[1]]></DISPLAYLENGTH>
<!--7E14CF472B9B4EDFB093BE7924BF9BC1-->  <ISREADONLY><![CDATA[N]]></ISREADONLY>
<!--7E14CF472B9B4EDFB093BE7924BF9BC1-->  <SEQNO><![CDATA[90]]></SEQNO>
<!--7E14CF472B9B4EDFB093BE7924BF9BC1-->  <ISSAMELINE><![CDATA[N]]></ISSAMELINE>
<!--7E14CF472B9B4EDFB093BE7924BF9BC1-->  <ISFIELDONLY><![CDATA[N]]></ISFIELDONLY>
<!--7E14CF472B9B4EDFB093BE7924BF9BC1-->  <ISENCRYPTED><![CDATA[N]]></ISENCRYPTED>
<!--7E14CF472B9B4EDFB093BE7924BF9BC1-->  <SHOWINRELATION><![CDATA[Y]]></SHOWINRELATION>
<!--7E14CF472B9B4EDFB093BE7924BF9BC1-->  <ISFIRSTFOCUSEDFIELD><![CDATA[N]]></ISFIRSTFOCUSEDFIELD>
<!--7E14CF472B9B4EDFB093BE7924BF9BC1-->  <AD_MODULE_ID><![CDATA[90BF6D14AEB94BBE9C19D67BA59F6679]]></AD_MODULE_ID>
<!--7E14CF472B9B4EDFB093BE7924BF9BC1-->  <GRID_SEQNO><![CDATA[90]]></GRID_SEQNO>
<!--7E14CF472B9B4EDFB093BE7924BF9BC1-->  <STARTINODDCOLUMN><![CDATA[N]]></STARTINODDCOLUMN>
<!--7E14CF472B9B4EDFB093BE7924BF9BC1-->  <STARTNEWLINE><![CDATA[Y]]></STARTNEWLINE>
<!--7E14CF472B9B4EDFB093BE7924BF9BC1-->  <ISSHOWNINSTATUSBAR><![CDATA[N]]></ISSHOWNINSTATUSBAR>
<!--7E14CF472B9B4EDFB093BE7924BF9BC1-->  <EM_OBUIAPP_SHOWSUMMARY><![CDATA[N]]></EM_OBUIAPP_SHOWSUMMARY>
<!--7E14CF472B9B4EDFB093BE7924BF9BC1--></AD_FIELD>

<!--8AB2BADD91E940EDA2834194AAFF965E--><AD_FIELD>
<!--8AB2BADD91E940EDA2834194AAFF965E-->  <AD_FIELD_ID><![CDATA[8AB2BADD91E940EDA2834194AAFF965E]]></AD_FIELD_ID>
<!--8AB2BADD91E940EDA2834194AAFF965E-->  <AD_CLIENT_ID><![CDATA[0]]></AD_CLIENT_ID>
<!--8AB2BADD91E940EDA2834194AAFF965E-->  <AD_ORG_ID><![CDATA[0]]></AD_ORG_ID>
<!--8AB2BADD91E940EDA2834194AAFF965E-->  <ISACTIVE><![CDATA[Y]]></ISACTIVE>
<!--8AB2BADD91E940EDA2834194AAFF965E-->  <NAME><![CDATA[Bom Verified]]></NAME>
<!--8AB2BADD91E940EDA2834194AAFF965E-->  <DESCRIPTION><![CDATA[Flag that indicates that a BOM Version has been verified so it is ready to be used.]]></DESCRIPTION>
<!--8AB2BADD91E940EDA2834194AAFF965E-->  <HELP><![CDATA[Flag that indicates that a BOM Version has been verified so it is ready to be used.]]></HELP>
<!--8AB2BADD91E940EDA2834194AAFF965E-->  <ISCENTRALLYMAINTAINED><![CDATA[Y]]></ISCENTRALLYMAINTAINED>
<!--8AB2BADD91E940EDA2834194AAFF965E-->  <AD_TAB_ID><![CDATA[B2DCE0D3DF3D4F8380CCF4E854C489EA]]></AD_TAB_ID>
<!--8AB2BADD91E940EDA2834194AAFF965E-->  <AD_COLUMN_ID><![CDATA[F1F0394CDECD4194A6548C2FE593D960]]></AD_COLUMN_ID>
<!--8AB2BADD91E940EDA2834194AAFF965E-->  <IGNOREINWAD><![CDATA[N]]></IGNOREINWAD>
<!--8AB2BADD91E940EDA2834194AAFF965E-->  <ISDISPLAYED><![CDATA[Y]]></ISDISPLAYED>
<!--8AB2BADD91E940EDA2834194AAFF965E-->  <DISPLAYLENGTH><![CDATA[0]]></DISPLAYLENGTH>
<!--8AB2BADD91E940EDA2834194AAFF965E-->  <ISREADONLY><![CDATA[Y]]></ISREADONLY>
<!--8AB2BADD91E940EDA2834194AAFF965E-->  <SEQNO><![CDATA[60]]></SEQNO>
<!--8AB2BADD91E940EDA2834194AAFF965E-->  <ISSAMELINE><![CDATA[N]]></ISSAMELINE>
<!--8AB2BADD91E940EDA2834194AAFF965E-->  <ISFIELDONLY><![CDATA[N]]></ISFIELDONLY>
<!--8AB2BADD91E940EDA2834194AAFF965E-->  <ISENCRYPTED><![CDATA[N]]></ISENCRYPTED>
<!--8AB2BADD91E940EDA2834194AAFF965E-->  <SHOWINRELATION><![CDATA[Y]]></SHOWINRELATION>
<!--8AB2BADD91E940EDA2834194AAFF965E-->  <ISFIRSTFOCUSEDFIELD><![CDATA[N]]></ISFIRSTFOCUSEDFIELD>
<!--8AB2BADD91E940EDA2834194AAFF965E-->  <AD_MODULE_ID><![CDATA[90BF6D14AEB94BBE9C19D67BA59F6679]]></AD_MODULE_ID>
<!--8AB2BADD91E940EDA2834194AAFF965E-->  <GRID_SEQNO><![CDATA[60]]></GRID_SEQNO>
<!--8AB2BADD91E940EDA2834194AAFF965E-->  <STARTINODDCOLUMN><![CDATA[N]]></STARTINODDCOLUMN>
<!--8AB2BADD91E940EDA2834194AAFF965E-->  <STARTNEWLINE><![CDATA[N]]></STARTNEWLINE>
<!--8AB2BADD91E940EDA2834194AAFF965E-->  <ISSHOWNINSTATUSBAR><![CDATA[N]]></ISSHOWNINSTATUSBAR>
<!--8AB2BADD91E940EDA2834194AAFF965E-->  <EM_OBUIAPP_SHOWSUMMARY><![CDATA[N]]></EM_OBUIAPP_SHOWSUMMARY>
<!--8AB2BADD91E940EDA2834194AAFF965E--></AD_FIELD>

<!--8FC4B915A8904A218C7EC6B96CE952DB--><AD_FIELD>
<!--8FC4B915A8904A218C7EC6B96CE952DB-->  <AD_FIELD_ID><![CDATA[8FC4B915A8904A218C7EC6B96CE952DB]]></AD_FIELD_ID>
<!--8FC4B915A8904A218C7EC6B96CE952DB-->  <AD_CLIENT_ID><![CDATA[0]]></AD_CLIENT_ID>
<!--8FC4B915A8904A218C7EC6B96CE952DB-->  <AD_ORG_ID><![CDATA[0]]></AD_ORG_ID>
<!--8FC4B915A8904A218C7EC6B96CE952DB-->  <ISACTIVE><![CDATA[Y]]></ISACTIVE>
<!--8FC4B915A8904A218C7EC6B96CE952DB-->  <NAME><![CDATA[Product]]></NAME>
<!--8FC4B915A8904A218C7EC6B96CE952DB-->  <DESCRIPTION><![CDATA[An item produced by a process.]]></DESCRIPTION>
<!--8FC4B915A8904A218C7EC6B96CE952DB-->  <HELP><![CDATA[Identifies an item which is either purchased or sold in this organization.]]></HELP>
<!--8FC4B915A8904A218C7EC6B96CE952DB-->  <ISCENTRALLYMAINTAINED><![CDATA[Y]]></ISCENTRALLYMAINTAINED>
<!--8FC4B915A8904A218C7EC6B96CE952DB-->  <AD_TAB_ID><![CDATA[BBDCA9ACF9864957A8A3A4FF468D59C4]]></AD_TAB_ID>
<!--8FC4B915A8904A218C7EC6B96CE952DB-->  <AD_COLUMN_ID><![CDATA[ECAE29D8B6504F35ACDD0DD09B294C35]]></AD_COLUMN_ID>
<!--8FC4B915A8904A218C7EC6B96CE952DB-->  <IGNOREINWAD><![CDATA[N]]></IGNOREINWAD>
<!--8FC4B915A8904A218C7EC6B96CE952DB-->  <ISDISPLAYED><![CDATA[Y]]></ISDISPLAYED>
<!--8FC4B915A8904A218C7EC6B96CE952DB-->  <DISPLAYLENGTH><![CDATA[32]]></DISPLAYLENGTH>
<!--8FC4B915A8904A218C7EC6B96CE952DB-->  <ISREADONLY><![CDATA[N]]></ISREADONLY>
<!--8FC4B915A8904A218C7EC6B96CE952DB-->  <SEQNO><![CDATA[40]]></SEQNO>
<!--8FC4B915A8904A218C7EC6B96CE952DB-->  <ISSAMELINE><![CDATA[N]]></ISSAMELINE>
<!--8FC4B915A8904A218C7EC6B96CE952DB-->  <ISFIELDONLY><![CDATA[N]]></ISFIELDONLY>
<!--8FC4B915A8904A218C7EC6B96CE952DB-->  <ISENCRYPTED><![CDATA[N]]></ISENCRYPTED>
<!--8FC4B915A8904A218C7EC6B96CE952DB-->  <SHOWINRELATION><![CDATA[Y]]></SHOWINRELATION>
<!--8FC4B915A8904A218C7EC6B96CE952DB-->  <ISFIRSTFOCUSEDFIELD><![CDATA[N]]></ISFIRSTFOCUSEDFIELD>
<!--8FC4B915A8904A218C7EC6B96CE952DB-->  <AD_MODULE_ID><![CDATA[90BF6D14AEB94BBE9C19D67BA59F6679]]></AD_MODULE_ID>
<!--8FC4B915A8904A218C7EC6B96CE952DB-->  <GRID_SEQNO><![CDATA[40]]></GRID_SEQNO>
<!--8FC4B915A8904A218C7EC6B96CE952DB-->  <STARTINODDCOLUMN><![CDATA[N]]></STARTINODDCOLUMN>
<!--8FC4B915A8904A218C7EC6B96CE952DB-->  <STARTNEWLINE><![CDATA[N]]></STARTNEWLINE>
<!--8FC4B915A8904A218C7EC6B96CE952DB-->  <ISSHOWNINSTATUSBAR><![CDATA[N]]></ISSHOWNINSTATUSBAR>
<!--8FC4B915A8904A218C7EC6B96CE952DB-->  <EM_OBUIAPP_SHOWSUMMARY><![CDATA[N]]></EM_OBUIAPP_SHOWSUMMARY>
<!--8FC4B915A8904A218C7EC6B96CE952DB--></AD_FIELD>

<!--A6D912057B1A4BF68BCB0655326613C5--><AD_FIELD>
<!--A6D912057B1A4BF68BCB0655326613C5-->  <AD_FIELD_ID><![CDATA[A6D912057B1A4BF68BCB0655326613C5]]></AD_FIELD_ID>
<!--A6D912057B1A4BF68BCB0655326613C5-->  <AD_CLIENT_ID><![CDATA[0]]></AD_CLIENT_ID>
<!--A6D912057B1A4BF68BCB0655326613C5-->  <AD_ORG_ID><![CDATA[0]]></AD_ORG_ID>
<!--A6D912057B1A4BF68BCB0655326613C5-->  <ISACTIVE><![CDATA[Y]]></ISACTIVE>
<!--A6D912057B1A4BF68BCB0655326613C5-->  <NAME><![CDATA[Create BOM Version]]></NAME>
<!--A6D912057B1A4BF68BCB0655326613C5-->  <DESCRIPTION><![CDATA[Process that allows to create a BOM Version based on current Bill of Materials of the product.]]></DESCRIPTION>
<!--A6D912057B1A4BF68BCB0655326613C5-->  <HELP><![CDATA[Process that allows to create a BOM Version based on current Bill of Materials of the product.]]></HELP>
<!--A6D912057B1A4BF68BCB0655326613C5-->  <ISCENTRALLYMAINTAINED><![CDATA[Y]]></ISCENTRALLYMAINTAINED>
<!--A6D912057B1A4BF68BCB0655326613C5-->  <AD_TAB_ID><![CDATA[B2DCE0D3DF3D4F8380CCF4E854C489EA]]></AD_TAB_ID>
<!--A6D912057B1A4BF68BCB0655326613C5-->  <AD_COLUMN_ID><![CDATA[270D102E0C324B5481112806AFFBD8F7]]></AD_COLUMN_ID>
<!--A6D912057B1A4BF68BCB0655326613C5-->  <IGNOREINWAD><![CDATA[N]]></IGNOREINWAD>
<!--A6D912057B1A4BF68BCB0655326613C5-->  <ISDISPLAYED><![CDATA[Y]]></ISDISPLAYED>
<!--A6D912057B1A4BF68BCB0655326613C5-->  <DISPLAYLENGTH><![CDATA[1]]></DISPLAYLENGTH>
<!--A6D912057B1A4BF68BCB0655326613C5-->  <ISREADONLY><![CDATA[N]]></ISREADONLY>
<!--A6D912057B1A4BF68BCB0655326613C5-->  <SEQNO><![CDATA[80]]></SEQNO>
<!--A6D912057B1A4BF68BCB0655326613C5-->  <ISSAMELINE><![CDATA[N]]></ISSAMELINE>
<!--A6D912057B1A4BF68BCB0655326613C5-->  <ISFIELDONLY><![CDATA[N]]></ISFIELDONLY>
<!--A6D912057B1A4BF68BCB0655326613C5-->  <ISENCRYPTED><![CDATA[N]]></ISENCRYPTED>
<!--A6D912057B1A4BF68BCB0655326613C5-->  <SHOWINRELATION><![CDATA[N]]></SHOWINRELATION>
<!--A6D912057B1A4BF68BCB0655326613C5-->  <ISFIRSTFOCUSEDFIELD><![CDATA[N]]></ISFIRSTFOCUSEDFIELD>
<!--A6D912057B1A4BF68BCB0655326613C5-->  <AD_MODULE_ID><![CDATA[90BF6D14AEB94BBE9C19D67BA59F6679]]></AD_MODULE_ID>
<!--A6D912057B1A4BF68BCB0655326613C5-->  <STARTINODDCOLUMN><![CDATA[N]]></STARTINODDCOLUMN>
<!--A6D912057B1A4BF68BCB0655326613C5-->  <STARTNEWLINE><![CDATA[N]]></STARTNEWLINE>
<!--A6D912057B1A4BF68BCB0655326613C5-->  <ISSHOWNINSTATUSBAR><![CDATA[N]]></ISSHOWNINSTATUSBAR>
<!--A6D912057B1A4BF68BCB0655326613C5-->  <EM_OBUIAPP_SHOWSUMMARY><![CDATA[N]]></EM_OBUIAPP_SHOWSUMMARY>
<!--A6D912057B1A4BF68BCB0655326613C5--></AD_FIELD>

<!--ABD3D96F1ECE463980C883BDD5BD39D2--><AD_FIELD>
<!--ABD3D96F1ECE463980C883BDD5BD39D2-->  <AD_FIELD_ID><![CDATA[ABD3D96F1ECE463980C883BDD5BD39D2]]></AD_FIELD_ID>
<!--ABD3D96F1ECE463980C883BDD5BD39D2-->  <AD_CLIENT_ID><![CDATA[0]]></AD_CLIENT_ID>
<!--ABD3D96F1ECE463980C883BDD5BD39D2-->  <AD_ORG_ID><![CDATA[0]]></AD_ORG_ID>
<!--ABD3D96F1ECE463980C883BDD5BD39D2-->  <ISACTIVE><![CDATA[Y]]></ISACTIVE>
<!--ABD3D96F1ECE463980C883BDD5BD39D2-->  <NAME><![CDATA[Valid To Date]]></NAME>
<!--ABD3D96F1ECE463980C883BDD5BD39D2-->  <DESCRIPTION><![CDATA[A parameter stating the ending time of a specified request.]]></DESCRIPTION>
<!--ABD3D96F1ECE463980C883BDD5BD39D2-->  <HELP><![CDATA[The Valid To date indicates the last day of a date range]]></HELP>
<!--ABD3D96F1ECE463980C883BDD5BD39D2-->  <ISCENTRALLYMAINTAINED><![CDATA[Y]]></ISCENTRALLYMAINTAINED>
<!--ABD3D96F1ECE463980C883BDD5BD39D2-->  <AD_TAB_ID><![CDATA[B2DCE0D3DF3D4F8380CCF4E854C489EA]]></AD_TAB_ID>
<!--ABD3D96F1ECE463980C883BDD5BD39D2-->  <AD_COLUMN_ID><![CDATA[748DE7B508604D488D9B88E62B1BDFBB]]></AD_COLUMN_ID>
<!--ABD3D96F1ECE463980C883BDD5BD39D2-->  <IGNOREINWAD><![CDATA[N]]></IGNOREINWAD>
<!--ABD3D96F1ECE463980C883BDD5BD39D2-->  <ISDISPLAYED><![CDATA[Y]]></ISDISPLAYED>
<!--ABD3D96F1ECE463980C883BDD5BD39D2-->  <DISPLAYLENGTH><![CDATA[19]]></DISPLAYLENGTH>
<!--ABD3D96F1ECE463980C883BDD5BD39D2-->  <ISREADONLY><![CDATA[N]]></ISREADONLY>
<!--ABD3D96F1ECE463980C883BDD5BD39D2-->  <SEQNO><![CDATA[50]]></SEQNO>
<!--ABD3D96F1ECE463980C883BDD5BD39D2-->  <ISSAMELINE><![CDATA[N]]></ISSAMELINE>
<!--ABD3D96F1ECE463980C883BDD5BD39D2-->  <ISFIELDONLY><![CDATA[N]]></ISFIELDONLY>
<!--ABD3D96F1ECE463980C883BDD5BD39D2-->  <ISENCRYPTED><![CDATA[N]]></ISENCRYPTED>
<!--ABD3D96F1ECE463980C883BDD5BD39D2-->  <SHOWINRELATION><![CDATA[Y]]></SHOWINRELATION>
<!--ABD3D96F1ECE463980C883BDD5BD39D2-->  <ISFIRSTFOCUSEDFIELD><![CDATA[N]]></ISFIRSTFOCUSEDFIELD>
<!--ABD3D96F1ECE463980C883BDD5BD39D2-->  <AD_MODULE_ID><![CDATA[90BF6D14AEB94BBE9C19D67BA59F6679]]></AD_MODULE_ID>
<!--ABD3D96F1ECE463980C883BDD5BD39D2-->  <GRID_SEQNO><![CDATA[50]]></GRID_SEQNO>
<!--ABD3D96F1ECE463980C883BDD5BD39D2-->  <STARTINODDCOLUMN><![CDATA[N]]></STARTINODDCOLUMN>
<!--ABD3D96F1ECE463980C883BDD5BD39D2-->  <STARTNEWLINE><![CDATA[N]]></STARTNEWLINE>
<!--ABD3D96F1ECE463980C883BDD5BD39D2-->  <ISSHOWNINSTATUSBAR><![CDATA[N]]></ISSHOWNINSTATUSBAR>
<!--ABD3D96F1ECE463980C883BDD5BD39D2-->  <EM_OBUIAPP_SHOWSUMMARY><![CDATA[N]]></EM_OBUIAPP_SHOWSUMMARY>
<!--ABD3D96F1ECE463980C883BDD5BD39D2--></AD_FIELD>

<!--B8519DBDB2194386BECB8A918DAEF421--><AD_FIELD>
<!--B8519DBDB2194386BECB8A918DAEF421-->  <AD_FIELD_ID><![CDATA[B8519DBDB2194386BECB8A918DAEF421]]></AD_FIELD_ID>
<!--B8519DBDB2194386BECB8A918DAEF421-->  <AD_CLIENT_ID><![CDATA[0]]></AD_CLIENT_ID>
<!--B8519DBDB2194386BECB8A918DAEF421-->  <AD_ORG_ID><![CDATA[0]]></AD_ORG_ID>
<!--B8519DBDB2194386BECB8A918DAEF421-->  <ISACTIVE><![CDATA[Y]]></ISACTIVE>
<!--B8519DBDB2194386BECB8A918DAEF421-->  <NAME><![CDATA[BOM Quantity]]></NAME>
<!--B8519DBDB2194386BECB8A918DAEF421-->  <DESCRIPTION><![CDATA[Bill of Materials Quantity]]></DESCRIPTION>
<!--B8519DBDB2194386BECB8A918DAEF421-->  <HELP><![CDATA[The BOM Quantity indicates the quantity of the product in its Unit of Measure (multiplication)]]></HELP>
<!--B8519DBDB2194386BECB8A918DAEF421-->  <ISCENTRALLYMAINTAINED><![CDATA[Y]]></ISCENTRALLYMAINTAINED>
<!--B8519DBDB2194386BECB8A918DAEF421-->  <AD_TAB_ID><![CDATA[BBDCA9ACF9864957A8A3A4FF468D59C4]]></AD_TAB_ID>
<!--B8519DBDB2194386BECB8A918DAEF421-->  <AD_COLUMN_ID><![CDATA[21B45EA85FEF4F81A525B50F00486F3E]]></AD_COLUMN_ID>
<!--B8519DBDB2194386BECB8A918DAEF421-->  <IGNOREINWAD><![CDATA[N]]></IGNOREINWAD>
<!--B8519DBDB2194386BECB8A918DAEF421-->  <ISDISPLAYED><![CDATA[Y]]></ISDISPLAYED>
<!--B8519DBDB2194386BECB8A918DAEF421-->  <DISPLAYLENGTH><![CDATA[2]]></DISPLAYLENGTH>
<!--B8519DBDB2194386BECB8A918DAEF421-->  <ISREADONLY><![CDATA[N]]></ISREADONLY>
<!--B8519DBDB2194386BECB8A918DAEF421-->  <SEQNO><![CDATA[50]]></SEQNO>
<!--B8519DBDB2194386BECB8A918DAEF421-->  <ISSAMELINE><![CDATA[N]]></ISSAMELINE>
<!--B8519DBDB2194386BECB8A918DAEF421-->  <ISFIELDONLY><![CDATA[N]]></ISFIELDONLY>
<!--B8519DBDB2194386BECB8A918DAEF421-->  <ISENCRYPTED><![CDATA[N]]></ISENCRYPTED>
<!--B8519DBDB2194386BECB8A918DAEF421-->  <SHOWINRELATION><![CDATA[Y]]></SHOWINRELATION>
<!--B8519DBDB2194386BECB8A918DAEF421-->  <ISFIRSTFOCUSEDFIELD><![CDATA[N]]></ISFIRSTFOCUSEDFIELD>
<!--B8519DBDB2194386BECB8A918DAEF421-->  <AD_MODULE_ID><![CDATA[90BF6D14AEB94BBE9C19D67BA59F6679]]></AD_MODULE_ID>
<!--B8519DBDB2194386BECB8A918DAEF421-->  <GRID_SEQNO><![CDATA[50]]></GRID_SEQNO>
<!--B8519DBDB2194386BECB8A918DAEF421-->  <STARTINODDCOLUMN><![CDATA[N]]></STARTINODDCOLUMN>
<!--B8519DBDB2194386BECB8A918DAEF421-->  <STARTNEWLINE><![CDATA[N]]></STARTNEWLINE>
<!--B8519DBDB2194386BECB8A918DAEF421-->  <ISSHOWNINSTATUSBAR><![CDATA[N]]></ISSHOWNINSTATUSBAR>
<!--B8519DBDB2194386BECB8A918DAEF421-->  <EM_OBUIAPP_SHOWSUMMARY><![CDATA[N]]></EM_OBUIAPP_SHOWSUMMARY>
<!--B8519DBDB2194386BECB8A918DAEF421--></AD_FIELD>

<!--C5FD8C5C2CA942B0ADB5B101EA0E7F6D--><AD_FIELD>
<!--C5FD8C5C2CA942B0ADB5B101EA0E7F6D-->  <AD_FIELD_ID><![CDATA[C5FD8C5C2CA942B0ADB5B101EA0E7F6D]]></AD_FIELD_ID>
<!--C5FD8C5C2CA942B0ADB5B101EA0E7F6D-->  <AD_CLIENT_ID><![CDATA[0]]></AD_CLIENT_ID>
<!--C5FD8C5C2CA942B0ADB5B101EA0E7F6D-->  <AD_ORG_ID><![CDATA[0]]></AD_ORG_ID>
<!--C5FD8C5C2CA942B0ADB5B101EA0E7F6D-->  <ISACTIVE><![CDATA[Y]]></ISACTIVE>
<!--C5FD8C5C2CA942B0ADB5B101EA0E7F6D-->  <NAME><![CDATA[Organization]]></NAME>
<!--C5FD8C5C2CA942B0ADB5B101EA0E7F6D-->  <DESCRIPTION><![CDATA[Organizational entity within client]]></DESCRIPTION>
<!--C5FD8C5C2CA942B0ADB5B101EA0E7F6D-->  <HELP><![CDATA[An organization is a unit of your client or legal entity - examples are store, department. You can share data between organizations.]]></HELP>
<!--C5FD8C5C2CA942B0ADB5B101EA0E7F6D-->  <ISCENTRALLYMAINTAINED><![CDATA[Y]]></ISCENTRALLYMAINTAINED>
<!--C5FD8C5C2CA942B0ADB5B101EA0E7F6D-->  <AD_TAB_ID><![CDATA[BBDCA9ACF9864957A8A3A4FF468D59C4]]></AD_TAB_ID>
<!--C5FD8C5C2CA942B0ADB5B101EA0E7F6D-->  <AD_COLUMN_ID><![CDATA[6C56C8D9B0BD4A9784C63D221DA86FF8]]></AD_COLUMN_ID>
<!--C5FD8C5C2CA942B0ADB5B101EA0E7F6D-->  <IGNOREINWAD><![CDATA[N]]></IGNOREINWAD>
<!--C5FD8C5C2CA942B0ADB5B101EA0E7F6D-->  <ISDISPLAYED><![CDATA[N]]></ISDISPLAYED>
<!--C5FD8C5C2CA942B0ADB5B101EA0E7F6D-->  <DISPLAYLENGTH><![CDATA[32]]></DISPLAYLENGTH>
<!--C5FD8C5C2CA942B0ADB5B101EA0E7F6D-->  <ISREADONLY><![CDATA[N]]></ISREADONLY>
<!--C5FD8C5C2CA942B0ADB5B101EA0E7F6D-->  <SEQNO><![CDATA[10]]></SEQNO>
<!--C5FD8C5C2CA942B0ADB5B101EA0E7F6D-->  <ISSAMELINE><![CDATA[N]]></ISSAMELINE>
<!--C5FD8C5C2CA942B0ADB5B101EA0E7F6D-->  <ISFIELDONLY><![CDATA[N]]></ISFIELDONLY>
<!--C5FD8C5C2CA942B0ADB5B101EA0E7F6D-->  <ISENCRYPTED><![CDATA[N]]></ISENCRYPTED>
<!--C5FD8C5C2CA942B0ADB5B101EA0E7F6D-->  <SHOWINRELATION><![CDATA[N]]></SHOWINRELATION>
<!--C5FD8C5C2CA942B0ADB5B101EA0E7F6D-->  <ISFIRSTFOCUSEDFIELD><![CDATA[N]]></ISFIRSTFOCUSEDFIELD>
<!--C5FD8C5C2CA942B0ADB5B101EA0E7F6D-->  <AD_MODULE_ID><![CDATA[90BF6D14AEB94BBE9C19D67BA59F6679]]></AD_MODULE_ID>
<!--C5FD8C5C2CA942B0ADB5B101EA0E7F6D-->  <STARTINODDCOLUMN><![CDATA[N]]></STARTINODDCOLUMN>
<!--C5FD8C5C2CA942B0ADB5B101EA0E7F6D-->  <STARTNEWLINE><![CDATA[N]]></STARTNEWLINE>
<!--C5FD8C5C2CA942B0ADB5B101EA0E7F6D-->  <ISSHOWNINSTATUSBAR><![CDATA[N]]></ISSHOWNINSTATUSBAR>
<!--C5FD8C5C2CA942B0ADB5B101EA0E7F6D-->  <EM_OBUIAPP_SHOWSUMMARY><![CDATA[N]]></EM_OBUIAPP_SHOWSUMMARY>
<!--C5FD8C5C2CA942B0ADB5B101EA0E7F6D--></AD_FIELD>

<!--EA79BB77D7EB4AC6939363F9907406EA--><AD_FIELD>
<!--EA79BB77D7EB4AC6939363F9907406EA-->  <AD_FIELD_ID><![CDATA[EA79BB77D7EB4AC6939363F9907406EA]]></AD_FIELD_ID>
<!--EA79BB77D7EB4AC6939363F9907406EA-->  <AD_CLIENT_ID><![CDATA[0]]></AD_CLIENT_ID>
<!--EA79BB77D7EB4AC6939363F9907406EA-->  <AD_ORG_ID><![CDATA[0]]></AD_ORG_ID>
<!--EA79BB77D7EB4AC6939363F9907406EA-->  <ISACTIVE><![CDATA[Y]]></ISACTIVE>
<!--EA79BB77D7EB4AC6939363F9907406EA-->  <NAME><![CDATA[Product]]></NAME>
<!--EA79BB77D7EB4AC6939363F9907406EA-->  <DESCRIPTION><![CDATA[An item produced by a process.]]></DESCRIPTION>
<!--EA79BB77D7EB4AC6939363F9907406EA-->  <HELP><![CDATA[Identifies an item which is either purchased or sold in this organization.]]></HELP>
<!--EA79BB77D7EB4AC6939363F9907406EA-->  <ISCENTRALLYMAINTAINED><![CDATA[Y]]></ISCENTRALLYMAINTAINED>
<!--EA79BB77D7EB4AC6939363F9907406EA-->  <AD_TAB_ID><![CDATA[B2DCE0D3DF3D4F8380CCF4E854C489EA]]></AD_TAB_ID>
<!--EA79BB77D7EB4AC6939363F9907406EA-->  <AD_COLUMN_ID><![CDATA[73768C7A6B294D08A6FEBB81C74E520C]]></AD_COLUMN_ID>
<!--EA79BB77D7EB4AC6939363F9907406EA-->  <IGNOREINWAD><![CDATA[N]]></IGNOREINWAD>
<!--EA79BB77D7EB4AC6939363F9907406EA-->  <ISDISPLAYED><![CDATA[N]]></ISDISPLAYED>
<!--EA79BB77D7EB4AC6939363F9907406EA-->  <DISPLAYLENGTH><![CDATA[60]]></DISPLAYLENGTH>
<!--EA79BB77D7EB4AC6939363F9907406EA-->  <ISREADONLY><![CDATA[N]]></ISREADONLY>
<!--EA79BB77D7EB4AC6939363F9907406EA-->  <SEQNO><![CDATA[30]]></SEQNO>
<!--EA79BB77D7EB4AC6939363F9907406EA-->  <ISSAMELINE><![CDATA[N]]></ISSAMELINE>
<!--EA79BB77D7EB4AC6939363F9907406EA-->  <ISFIELDONLY><![CDATA[N]]></ISFIELDONLY>
<!--EA79BB77D7EB4AC6939363F9907406EA-->  <ISENCRYPTED><![CDATA[N]]></ISENCRYPTED>
<!--EA79BB77D7EB4AC6939363F9907406EA-->  <SHOWINRELATION><![CDATA[N]]></SHOWINRELATION>
<!--EA79BB77D7EB4AC6939363F9907406EA-->  <ISFIRSTFOCUSEDFIELD><![CDATA[N]]></ISFIRSTFOCUSEDFIELD>
<!--EA79BB77D7EB4AC6939363F9907406EA-->  <AD_MODULE_ID><![CDATA[90BF6D14AEB94BBE9C19D67BA59F6679]]></AD_MODULE_ID>
<!--EA79BB77D7EB4AC6939363F9907406EA-->  <STARTINODDCOLUMN><![CDATA[N]]></STARTINODDCOLUMN>
<!--EA79BB77D7EB4AC6939363F9907406EA-->  <STARTNEWLINE><![CDATA[N]]></STARTNEWLINE>
<!--EA79BB77D7EB4AC6939363F9907406EA-->  <ISSHOWNINSTATUSBAR><![CDATA[N]]></ISSHOWNINSTATUSBAR>
<!--EA79BB77D7EB4AC6939363F9907406EA-->  <EM_OBUIAPP_SHOWSUMMARY><![CDATA[N]]></EM_OBUIAPP_SHOWSUMMARY>
<!--EA79BB77D7EB4AC6939363F9907406EA--></AD_FIELD>

<!--ECE45C04655C4246B8C0CD7EB51B7F89--><AD_FIELD>
<!--ECE45C04655C4246B8C0CD7EB51B7F89-->  <AD_FIELD_ID><![CDATA[ECE45C04655C4246B8C0CD7EB51B7F89]]></AD_FIELD_ID>
<!--ECE45C04655C4246B8C0CD7EB51B7F89-->  <AD_CLIENT_ID><![CDATA[0]]></AD_CLIENT_ID>
<!--ECE45C04655C4246B8C0CD7EB51B7F89-->  <AD_ORG_ID><![CDATA[0]]></AD_ORG_ID>
<!--ECE45C04655C4246B8C0CD7EB51B7F89-->  <ISACTIVE><![CDATA[Y]]></ISACTIVE>
<!--ECE45C04655C4246B8C0CD7EB51B7F89-->  <NAME><![CDATA[Add Substitute]]></NAME>
<!--ECE45C04655C4246B8C0CD7EB51B7F89-->  <DESCRIPTION><![CDATA[ Process to allow the addition of substitute products]]></DESCRIPTION>
<!--ECE45C04655C4246B8C0CD7EB51B7F89-->  <HELP><![CDATA[Allows to add products as substitute for others.]]></HELP>
<!--ECE45C04655C4246B8C0CD7EB51B7F89-->  <ISCENTRALLYMAINTAINED><![CDATA[Y]]></ISCENTRALLYMAINTAINED>
<!--ECE45C04655C4246B8C0CD7EB51B7F89-->  <AD_TAB_ID><![CDATA[180]]></AD_TAB_ID>
<!--ECE45C04655C4246B8C0CD7EB51B7F89-->  <AD_COLUMN_ID><![CDATA[D687DBCA8B0C41F58141D66AB62D0067]]></AD_COLUMN_ID>
<!--ECE45C04655C4246B8C0CD7EB51B7F89-->  <IGNOREINWAD><![CDATA[N]]></IGNOREINWAD>
<!--ECE45C04655C4246B8C0CD7EB51B7F89-->  <ISDISPLAYED><![CDATA[Y]]></ISDISPLAYED>
<!--ECE45C04655C4246B8C0CD7EB51B7F89-->  <DISPLAYLENGTH><![CDATA[0]]></DISPLAYLENGTH>
<!--ECE45C04655C4246B8C0CD7EB51B7F89-->  <ISREADONLY><![CDATA[N]]></ISREADONLY>
<!--ECE45C04655C4246B8C0CD7EB51B7F89-->  <SEQNO><![CDATA[1420]]></SEQNO>
<!--ECE45C04655C4246B8C0CD7EB51B7F89-->  <ISSAMELINE><![CDATA[N]]></ISSAMELINE>
<!--ECE45C04655C4246B8C0CD7EB51B7F89-->  <ISFIELDONLY><![CDATA[N]]></ISFIELDONLY>
<!--ECE45C04655C4246B8C0CD7EB51B7F89-->  <ISENCRYPTED><![CDATA[N]]></ISENCRYPTED>
<!--ECE45C04655C4246B8C0CD7EB51B7F89-->  <SHOWINRELATION><![CDATA[N]]></SHOWINRELATION>
<!--ECE45C04655C4246B8C0CD7EB51B7F89-->  <ISFIRSTFOCUSEDFIELD><![CDATA[N]]></ISFIRSTFOCUSEDFIELD>
<!--ECE45C04655C4246B8C0CD7EB51B7F89-->  <AD_MODULE_ID><![CDATA[90BF6D14AEB94BBE9C19D67BA59F6679]]></AD_MODULE_ID>
<!--ECE45C04655C4246B8C0CD7EB51B7F89-->  <GRID_SEQNO><![CDATA[220]]></GRID_SEQNO>
<!--ECE45C04655C4246B8C0CD7EB51B7F89-->  <STARTINODDCOLUMN><![CDATA[N]]></STARTINODDCOLUMN>
<!--ECE45C04655C4246B8C0CD7EB51B7F89-->  <STARTNEWLINE><![CDATA[N]]></STARTNEWLINE>
<!--ECE45C04655C4246B8C0CD7EB51B7F89-->  <ISSHOWNINSTATUSBAR><![CDATA[N]]></ISSHOWNINSTATUSBAR>
<!--ECE45C04655C4246B8C0CD7EB51B7F89-->  <EM_OBUIAPP_SHOWSUMMARY><![CDATA[N]]></EM_OBUIAPP_SHOWSUMMARY>
<!--ECE45C04655C4246B8C0CD7EB51B7F89--></AD_FIELD>

<!--EFCA1E43E42E4674AAFB48AF72BDD4B3--><AD_FIELD>
<!--EFCA1E43E42E4674AAFB48AF72BDD4B3-->  <AD_FIELD_ID><![CDATA[EFCA1E43E42E4674AAFB48AF72BDD4B3]]></AD_FIELD_ID>
<!--EFCA1E43E42E4674AAFB48AF72BDD4B3-->  <AD_CLIENT_ID><![CDATA[0]]></AD_CLIENT_ID>
<!--EFCA1E43E42E4674AAFB48AF72BDD4B3-->  <AD_ORG_ID><![CDATA[0]]></AD_ORG_ID>
<!--EFCA1E43E42E4674AAFB48AF72BDD4B3-->  <ISACTIVE><![CDATA[Y]]></ISACTIVE>
<!--EFCA1E43E42E4674AAFB48AF72BDD4B3-->  <NAME><![CDATA[Valid From Date]]></NAME>
<!--EFCA1E43E42E4674AAFB48AF72BDD4B3-->  <DESCRIPTION><![CDATA[A parameter stating the starting time of a specified request.]]></DESCRIPTION>
<!--EFCA1E43E42E4674AAFB48AF72BDD4B3-->  <HELP><![CDATA[The Valid From date indicates the first day of a date range]]></HELP>
<!--EFCA1E43E42E4674AAFB48AF72BDD4B3-->  <ISCENTRALLYMAINTAINED><![CDATA[Y]]></ISCENTRALLYMAINTAINED>
<!--EFCA1E43E42E4674AAFB48AF72BDD4B3-->  <AD_TAB_ID><![CDATA[B2DCE0D3DF3D4F8380CCF4E854C489EA]]></AD_TAB_ID>
<!--EFCA1E43E42E4674AAFB48AF72BDD4B3-->  <AD_COLUMN_ID><![CDATA[03AE3D7B62554319A14822E670767EBE]]></AD_COLUMN_ID>
<!--EFCA1E43E42E4674AAFB48AF72BDD4B3-->  <IGNOREINWAD><![CDATA[N]]></IGNOREINWAD>
<!--EFCA1E43E42E4674AAFB48AF72BDD4B3-->  <ISDISPLAYED><![CDATA[Y]]></ISDISPLAYED>
<!--EFCA1E43E42E4674AAFB48AF72BDD4B3-->  <DISPLAYLENGTH><![CDATA[19]]></DISPLAYLENGTH>
<!--EFCA1E43E42E4674AAFB48AF72BDD4B3-->  <ISREADONLY><![CDATA[N]]></ISREADONLY>
<!--EFCA1E43E42E4674AAFB48AF72BDD4B3-->  <SEQNO><![CDATA[40]]></SEQNO>
<!--EFCA1E43E42E4674AAFB48AF72BDD4B3-->  <ISSAMELINE><![CDATA[N]]></ISSAMELINE>
<!--EFCA1E43E42E4674AAFB48AF72BDD4B3-->  <ISFIELDONLY><![CDATA[N]]></ISFIELDONLY>
<!--EFCA1E43E42E4674AAFB48AF72BDD4B3-->  <ISENCRYPTED><![CDATA[N]]></ISENCRYPTED>
<!--EFCA1E43E42E4674AAFB48AF72BDD4B3-->  <SHOWINRELATION><![CDATA[Y]]></SHOWINRELATION>
<!--EFCA1E43E42E4674AAFB48AF72BDD4B3-->  <ISFIRSTFOCUSEDFIELD><![CDATA[N]]></ISFIRSTFOCUSEDFIELD>
<!--EFCA1E43E42E4674AAFB48AF72BDD4B3-->  <AD_MODULE_ID><![CDATA[90BF6D14AEB94BBE9C19D67BA59F6679]]></AD_MODULE_ID>
<!--EFCA1E43E42E4674AAFB48AF72BDD4B3-->  <GRID_SEQNO><![CDATA[40]]></GRID_SEQNO>
<!--EFCA1E43E42E4674AAFB48AF72BDD4B3-->  <STARTINODDCOLUMN><![CDATA[N]]></STARTINODDCOLUMN>
<!--EFCA1E43E42E4674AAFB48AF72BDD4B3-->  <STARTNEWLINE><![CDATA[N]]></STARTNEWLINE>
<!--EFCA1E43E42E4674AAFB48AF72BDD4B3-->  <ISSHOWNINSTATUSBAR><![CDATA[N]]></ISSHOWNINSTATUSBAR>
<!--EFCA1E43E42E4674AAFB48AF72BDD4B3-->  <EM_OBUIAPP_SHOWSUMMARY><![CDATA[N]]></EM_OBUIAPP_SHOWSUMMARY>
<!--EFCA1E43E42E4674AAFB48AF72BDD4B3--></AD_FIELD>

<!--F0A2E52996514296AC5F7709E51F184D--><AD_FIELD>
<!--F0A2E52996514296AC5F7709E51F184D-->  <AD_FIELD_ID><![CDATA[F0A2E52996514296AC5F7709E51F184D]]></AD_FIELD_ID>
<!--F0A2E52996514296AC5F7709E51F184D-->  <AD_CLIENT_ID><![CDATA[0]]></AD_CLIENT_ID>
<!--F0A2E52996514296AC5F7709E51F184D-->  <AD_ORG_ID><![CDATA[0]]></AD_ORG_ID>
<!--F0A2E52996514296AC5F7709E51F184D-->  <ISACTIVE><![CDATA[Y]]></ISACTIVE>
<!--F0A2E52996514296AC5F7709E51F184D-->  <NAME><![CDATA[Description]]></NAME>
<!--F0A2E52996514296AC5F7709E51F184D-->  <DESCRIPTION><![CDATA[A space to write additional related information.]]></DESCRIPTION>
<!--F0A2E52996514296AC5F7709E51F184D-->  <HELP><![CDATA[A description is limited to 255 characters.]]></HELP>
<!--F0A2E52996514296AC5F7709E51F184D-->  <ISCENTRALLYMAINTAINED><![CDATA[Y]]></ISCENTRALLYMAINTAINED>
<!--F0A2E52996514296AC5F7709E51F184D-->  <AD_TAB_ID><![CDATA[BBDCA9ACF9864957A8A3A4FF468D59C4]]></AD_TAB_ID>
<!--F0A2E52996514296AC5F7709E51F184D-->  <AD_COLUMN_ID><![CDATA[B4251FADF989410D9517E0B754876B52]]></AD_COLUMN_ID>
<!--F0A2E52996514296AC5F7709E51F184D-->  <IGNOREINWAD><![CDATA[N]]></IGNOREINWAD>
<!--F0A2E52996514296AC5F7709E51F184D-->  <ISDISPLAYED><![CDATA[Y]]></ISDISPLAYED>
<!--F0A2E52996514296AC5F7709E51F184D-->  <DISPLAYLENGTH><![CDATA[255]]></DISPLAYLENGTH>
<!--F0A2E52996514296AC5F7709E51F184D-->  <ISREADONLY><![CDATA[N]]></ISREADONLY>
<!--F0A2E52996514296AC5F7709E51F184D-->  <SEQNO><![CDATA[70]]></SEQNO>
<!--F0A2E52996514296AC5F7709E51F184D-->  <ISSAMELINE><![CDATA[N]]></ISSAMELINE>
<!--F0A2E52996514296AC5F7709E51F184D-->  <ISFIELDONLY><![CDATA[N]]></ISFIELDONLY>
<!--F0A2E52996514296AC5F7709E51F184D-->  <ISENCRYPTED><![CDATA[N]]></ISENCRYPTED>
<!--F0A2E52996514296AC5F7709E51F184D-->  <SHOWINRELATION><![CDATA[Y]]></SHOWINRELATION>
<!--F0A2E52996514296AC5F7709E51F184D-->  <ISFIRSTFOCUSEDFIELD><![CDATA[N]]></ISFIRSTFOCUSEDFIELD>
<!--F0A2E52996514296AC5F7709E51F184D-->  <AD_MODULE_ID><![CDATA[90BF6D14AEB94BBE9C19D67BA59F6679]]></AD_MODULE_ID>
<!--F0A2E52996514296AC5F7709E51F184D-->  <GRID_SEQNO><![CDATA[70]]></GRID_SEQNO>
<!--F0A2E52996514296AC5F7709E51F184D-->  <STARTINODDCOLUMN><![CDATA[N]]></STARTINODDCOLUMN>
<!--F0A2E52996514296AC5F7709E51F184D-->  <STARTNEWLINE><![CDATA[N]]></STARTNEWLINE>
<!--F0A2E52996514296AC5F7709E51F184D-->  <ISSHOWNINSTATUSBAR><![CDATA[N]]></ISSHOWNINSTATUSBAR>
<!--F0A2E52996514296AC5F7709E51F184D-->  <EM_OBUIAPP_SHOWSUMMARY><![CDATA[N]]></EM_OBUIAPP_SHOWSUMMARY>
<!--F0A2E52996514296AC5F7709E51F184D--></AD_FIELD>

<!--FE9ADA1CE9A1472C9D627E4A27659D6C--><AD_FIELD>
<!--FE9ADA1CE9A1472C9D627E4A27659D6C-->  <AD_FIELD_ID><![CDATA[FE9ADA1CE9A1472C9D627E4A27659D6C]]></AD_FIELD_ID>
<!--FE9ADA1CE9A1472C9D627E4A27659D6C-->  <AD_CLIENT_ID><![CDATA[0]]></AD_CLIENT_ID>
<!--FE9ADA1CE9A1472C9D627E4A27659D6C-->  <AD_ORG_ID><![CDATA[0]]></AD_ORG_ID>
<!--FE9ADA1CE9A1472C9D627E4A27659D6C-->  <ISACTIVE><![CDATA[Y]]></ISACTIVE>
<!--FE9ADA1CE9A1472C9D627E4A27659D6C-->  <NAME><![CDATA[Line No.]]></NAME>
<!--FE9ADA1CE9A1472C9D627E4A27659D6C-->  <HELP><![CDATA[Number of the line]]></HELP>
<!--FE9ADA1CE9A1472C9D627E4A27659D6C-->  <ISCENTRALLYMAINTAINED><![CDATA[Y]]></ISCENTRALLYMAINTAINED>
<!--FE9ADA1CE9A1472C9D627E4A27659D6C-->  <AD_TAB_ID><![CDATA[BBDCA9ACF9864957A8A3A4FF468D59C4]]></AD_TAB_ID>
<!--FE9ADA1CE9A1472C9D627E4A27659D6C-->  <AD_COLUMN_ID><![CDATA[E1C281DB5C2B4B1A8077DC2E5CA94841]]></AD_COLUMN_ID>
<!--FE9ADA1CE9A1472C9D627E4A27659D6C-->  <IGNOREINWAD><![CDATA[N]]></IGNOREINWAD>
<!--FE9ADA1CE9A1472C9D627E4A27659D6C-->  <ISDISPLAYED><![CDATA[Y]]></ISDISPLAYED>
<!--FE9ADA1CE9A1472C9D627E4A27659D6C-->  <DISPLAYLENGTH><![CDATA[5]]></DISPLAYLENGTH>
<!--FE9ADA1CE9A1472C9D627E4A27659D6C-->  <ISREADONLY><![CDATA[N]]></ISREADONLY>
<!--FE9ADA1CE9A1472C9D627E4A27659D6C-->  <SEQNO><![CDATA[30]]></SEQNO>
<!--FE9ADA1CE9A1472C9D627E4A27659D6C-->  <ISSAMELINE><![CDATA[N]]></ISSAMELINE>
<!--FE9ADA1CE9A1472C9D627E4A27659D6C-->  <ISFIELDONLY><![CDATA[N]]></ISFIELDONLY>
<!--FE9ADA1CE9A1472C9D627E4A27659D6C-->  <ISENCRYPTED><![CDATA[N]]></ISENCRYPTED>
<!--FE9ADA1CE9A1472C9D627E4A27659D6C-->  <SHOWINRELATION><![CDATA[Y]]></SHOWINRELATION>
<!--FE9ADA1CE9A1472C9D627E4A27659D6C-->  <ISFIRSTFOCUSEDFIELD><![CDATA[N]]></ISFIRSTFOCUSEDFIELD>
<!--FE9ADA1CE9A1472C9D627E4A27659D6C-->  <AD_MODULE_ID><![CDATA[90BF6D14AEB94BBE9C19D67BA59F6679]]></AD_MODULE_ID>
<!--FE9ADA1CE9A1472C9D627E4A27659D6C-->  <GRID_SEQNO><![CDATA[30]]></GRID_SEQNO>
<!--FE9ADA1CE9A1472C9D627E4A27659D6C-->  <STARTINODDCOLUMN><![CDATA[N]]></STARTINODDCOLUMN>
<!--FE9ADA1CE9A1472C9D627E4A27659D6C-->  <STARTNEWLINE><![CDATA[N]]></STARTNEWLINE>
<!--FE9ADA1CE9A1472C9D627E4A27659D6C-->  <ISSHOWNINSTATUSBAR><![CDATA[N]]></ISSHOWNINSTATUSBAR>
<!--FE9ADA1CE9A1472C9D627E4A27659D6C-->  <EM_OBUIAPP_SHOWSUMMARY><![CDATA[N]]></EM_OBUIAPP_SHOWSUMMARY>
<!--FE9ADA1CE9A1472C9D627E4A27659D6C--></AD_FIELD>

</data>
