<?xml version='1.0' encoding='UTF-8'?>
<data>
<!--90BF6D14AEB94BBE9C19D67BA59F6679--><AD_MODULE>
<!--90BF6D14AEB94BBE9C19D67BA59F6679-->  <AD_MODULE_ID><![CDATA[90BF6D14AEB94BBE9C19D67BA59F6679]]></AD_MODULE_ID>
<!--90BF6D14AEB94BBE9C19D67BA59F6679-->  <AD_CLIENT_ID><![CDATA[0]]></AD_CLIENT_ID>
<!--90BF6D14AEB94BBE9C19D67BA59F6679-->  <AD_ORG_ID><![CDATA[0]]></AD_ORG_ID>
<!--90BF6D14AEB94BBE9C19D67BA59F6679-->  <ISACTIVE><![CDATA[Y]]></ISACTIVE>
<!--90BF6D14AEB94BBE9C19D67BA59F6679-->  <NAME><![CDATA[Product BOM Versions]]></NAME>
<!--90BF6D14AEB94BBE9C19D67BA59F6679-->  <VERSION><![CDATA[1.0.100]]></VERSION>
<!--90BF6D14AEB94BBE9C19D67BA59F6679-->  <DESCRIPTION><![CDATA[Product BOM Versions]]></DESCRIPTION>
<!--90BF6D14AEB94BBE9C19D67BA59F6679-->  <HELP><![CDATA[With this module you can define versions of BOM products]]></HELP>
<!--90BF6D14AEB94BBE9C19D67BA59F6679-->  <TYPE><![CDATA[M]]></TYPE>
<!--90BF6D14AEB94BBE9C19D67BA59F6679-->  <LICENSE><![CDATA[Licensed under the Openbravo Public License version 1.1.
You may obtain a copy of the License at http://www.openbravo.com/legal/license.html or in the legal folder of the Openbravo ERP core distribution.]]></LICENSE>
<!--90BF6D14AEB94BBE9C19D67BA59F6679-->  <JAVAPACKAGE><![CDATA[org.openbravo.module.productbomversion]]></JAVAPACKAGE>
<!--90BF6D14AEB94BBE9C19D67BA59F6679-->  <LICENSETYPE><![CDATA[OBPL]]></LICENSETYPE>
<!--90BF6D14AEB94BBE9C19D67BA59F6679-->  <AUTHOR><![CDATA[Openbravo S.L.U.]]></AUTHOR>
<!--90BF6D14AEB94BBE9C19D67BA59F6679-->  <ISTRANSLATIONREQUIRED><![CDATA[Y]]></ISTRANSLATIONREQUIRED>
<!--90BF6D14AEB94BBE9C19D67BA59F6679-->  <AD_LANGUAGE><![CDATA[en_US]]></AD_LANGUAGE>
<!--90BF6D14AEB94BBE9C19D67BA59F6679-->  <HASCHARTOFACCOUNTS><![CDATA[N]]></HASCHARTOFACCOUNTS>
<!--90BF6D14AEB94BBE9C19D67BA59F6679-->  <ISTRANSLATIONMODULE><![CDATA[N]]></ISTRANSLATIONMODULE>
<!--90BF6D14AEB94BBE9C19D67BA59F6679-->  <HASREFERENCEDATA><![CDATA[N]]></HASREFERENCEDATA>
<!--90BF6D14AEB94BBE9C19D67BA59F6679-->  <ISCOMMERCIAL><![CDATA[N]]></ISCOMMERCIAL>
<!--90BF6D14AEB94BBE9C19D67BA59F6679-->  <ISTRIALALLOWED><![CDATA[N]]></ISTRIALALLOWED>
<!--90BF6D14AEB94BBE9C19D67BA59F6679--></AD_MODULE>

</data>
