<?xml version='1.0' encoding='UTF-8'?>
<data>
<!--663336E3B27E408698327D99B1E94C11--><AD_MODULE_DEPENDENCY>
<!--663336E3B27E408698327D99B1E94C11-->  <AD_MODULE_DEPENDENCY_ID><![CDATA[663336E3B27E408698327D99B1E94C11]]></AD_MODULE_DEPENDENCY_ID>
<!--663336E3B27E408698327D99B1E94C11-->  <AD_CLIENT_ID><![CDATA[0]]></AD_CLIENT_ID>
<!--663336E3B27E408698327D99B1E94C11-->  <AD_ORG_ID><![CDATA[0]]></AD_ORG_ID>
<!--663336E3B27E408698327D99B1E94C11-->  <ISACTIVE><![CDATA[Y]]></ISACTIVE>
<!--663336E3B27E408698327D99B1E94C11-->  <AD_MODULE_ID><![CDATA[90BF6D14AEB94BBE9C19D67BA59F6679]]></AD_MODULE_ID>
<!--663336E3B27E408698327D99B1E94C11-->  <AD_DEPENDENT_MODULE_ID><![CDATA[BDD7822D6B2F42AAAF0E501EEC8E8401]]></AD_DEPENDENT_MODULE_ID>
<!--663336E3B27E408698327D99B1E94C11-->  <STARTVERSION><![CDATA[1.0.100]]></STARTVERSION>
<!--663336E3B27E408698327D99B1E94C11-->  <ISINCLUDED><![CDATA[N]]></ISINCLUDED>
<!--663336E3B27E408698327D99B1E94C11-->  <DEPENDANT_MODULE_NAME><![CDATA[Product BOM Versions Template]]></DEPENDANT_MODULE_NAME>
<!--663336E3B27E408698327D99B1E94C11-->  <DEPENDENCY_ENFORCEMENT><![CDATA[MAJOR]]></DEPENDENCY_ENFORCEMENT>
<!--663336E3B27E408698327D99B1E94C11-->  <USER_EDITABLE_ENFORCEMENT><![CDATA[N]]></USER_EDITABLE_ENFORCEMENT>
<!--663336E3B27E408698327D99B1E94C11--></AD_MODULE_DEPENDENCY>

</data>
