<?xml version='1.0' encoding='UTF-8'?>
<data>
<!--6DFDE1A250BB4DE4938CB28D785B4B2C--><AD_MODULE_DBPREFIX>
<!--6DFDE1A250BB4DE4938CB28D785B4B2C-->  <AD_MODULE_DBPREFIX_ID><![CDATA[6DFDE1A250BB4DE4938CB28D785B4B2C]]></AD_MODULE_DBPREFIX_ID>
<!--6DFDE1A250BB4DE4938CB28D785B4B2C-->  <AD_CLIENT_ID><![CDATA[0]]></AD_CLIENT_ID>
<!--6DFDE1A250BB4DE4938CB28D785B4B2C-->  <AD_ORG_ID><![CDATA[0]]></AD_ORG_ID>
<!--6DFDE1A250BB4DE4938CB28D785B4B2C-->  <ISACTIVE><![CDATA[Y]]></ISACTIVE>
<!--6DFDE1A250BB4DE4938CB28D785B4B2C-->  <AD_MODULE_ID><![CDATA[90BF6D14AEB94BBE9C19D67BA59F6679]]></AD_MODULE_ID>
<!--6DFDE1A250BB4DE4938CB28D785B4B2C-->  <NAME><![CDATA[OBPBOMV]]></NAME>
<!--6DFDE1A250BB4DE4938CB28D785B4B2C--></AD_MODULE_DBPREFIX>

</data>
