<?xml version='1.0' encoding='UTF-8'?>
<data>
<!--089150EA1B294596B1C53D97699BD030--><AD_MESSAGE>
<!--089150EA1B294596B1C53D97699BD030-->  <AD_MESSAGE_ID><![CDATA[089150EA1B294596B1C53D97699BD030]]></AD_MESSAGE_ID>
<!--089150EA1B294596B1C53D97699BD030-->  <AD_CLIENT_ID><![CDATA[0]]></AD_CLIENT_ID>
<!--089150EA1B294596B1C53D97699BD030-->  <AD_ORG_ID><![CDATA[0]]></AD_ORG_ID>
<!--089150EA1B294596B1C53D97699BD030-->  <ISACTIVE><![CDATA[Y]]></ISACTIVE>
<!--089150EA1B294596B1C53D97699BD030-->  <VALUE><![CDATA[OBPBOMV_InvalidDateRange]]></VALUE>
<!--089150EA1B294596B1C53D97699BD030-->  <MSGTEXT><![CDATA[Valid To Date is sooner than Valid From Date]]></MSGTEXT>
<!--089150EA1B294596B1C53D97699BD030-->  <MSGTYPE><![CDATA[E]]></MSGTYPE>
<!--089150EA1B294596B1C53D97699BD030-->  <AD_MODULE_ID><![CDATA[90BF6D14AEB94BBE9C19D67BA59F6679]]></AD_MODULE_ID>
<!--089150EA1B294596B1C53D97699BD030-->  <ISINCLUDEINI18N><![CDATA[N]]></ISINCLUDEINI18N>
<!--089150EA1B294596B1C53D97699BD030--></AD_MESSAGE>

<!--86F51C9841284B0E87D1470784387193--><AD_MESSAGE>
<!--86F51C9841284B0E87D1470784387193-->  <AD_MESSAGE_ID><![CDATA[86F51C9841284B0E87D1470784387193]]></AD_MESSAGE_ID>
<!--86F51C9841284B0E87D1470784387193-->  <AD_CLIENT_ID><![CDATA[0]]></AD_CLIENT_ID>
<!--86F51C9841284B0E87D1470784387193-->  <AD_ORG_ID><![CDATA[0]]></AD_ORG_ID>
<!--86F51C9841284B0E87D1470784387193-->  <ISACTIVE><![CDATA[Y]]></ISACTIVE>
<!--86F51C9841284B0E87D1470784387193-->  <VALUE><![CDATA[OBPBOMV_BOMVersions_Without_Lines]]></VALUE>
<!--86F51C9841284B0E87D1470784387193-->  <MSGTEXT><![CDATA[Verify that you have included one or more products in tab Product BOM Version]]></MSGTEXT>
<!--86F51C9841284B0E87D1470784387193-->  <MSGTYPE><![CDATA[E]]></MSGTYPE>
<!--86F51C9841284B0E87D1470784387193-->  <AD_MODULE_ID><![CDATA[90BF6D14AEB94BBE9C19D67BA59F6679]]></AD_MODULE_ID>
<!--86F51C9841284B0E87D1470784387193-->  <ISINCLUDEINI18N><![CDATA[N]]></ISINCLUDEINI18N>
<!--86F51C9841284B0E87D1470784387193--></AD_MESSAGE>

<!--F37CD1713FA0434D84CACBE355F9BAED--><AD_MESSAGE>
<!--F37CD1713FA0434D84CACBE355F9BAED-->  <AD_MESSAGE_ID><![CDATA[F37CD1713FA0434D84CACBE355F9BAED]]></AD_MESSAGE_ID>
<!--F37CD1713FA0434D84CACBE355F9BAED-->  <AD_CLIENT_ID><![CDATA[0]]></AD_CLIENT_ID>
<!--F37CD1713FA0434D84CACBE355F9BAED-->  <AD_ORG_ID><![CDATA[0]]></AD_ORG_ID>
<!--F37CD1713FA0434D84CACBE355F9BAED-->  <ISACTIVE><![CDATA[Y]]></ISACTIVE>
<!--F37CD1713FA0434D84CACBE355F9BAED-->  <VALUE><![CDATA[OBPBOMV_ExistValidFromDate]]></VALUE>
<!--F37CD1713FA0434D84CACBE355F9BAED-->  <MSGTEXT><![CDATA[BOM Version with the same Valid From Date already exists]]></MSGTEXT>
<!--F37CD1713FA0434D84CACBE355F9BAED-->  <MSGTYPE><![CDATA[E]]></MSGTYPE>
<!--F37CD1713FA0434D84CACBE355F9BAED-->  <AD_MODULE_ID><![CDATA[90BF6D14AEB94BBE9C19D67BA59F6679]]></AD_MODULE_ID>
<!--F37CD1713FA0434D84CACBE355F9BAED-->  <ISINCLUDEINI18N><![CDATA[N]]></ISINCLUDEINI18N>
<!--F37CD1713FA0434D84CACBE355F9BAED--></AD_MESSAGE>

</data>
