<?xml version='1.0' encoding='UTF-8'?>
<data>
<!--D8F00AEF5BCF4A45832A03EFB8B9EC31--><AD_PACKAGE>
<!--D8F00AEF5BCF4A45832A03EFB8B9EC31-->  <AD_PACKAGE_ID><![CDATA[D8F00AEF5BCF4A45832A03EFB8B9EC31]]></AD_PACKAGE_ID>
<!--D8F00AEF5BCF4A45832A03EFB8B9EC31-->  <AD_CLIENT_ID><![CDATA[0]]></AD_CLIENT_ID>
<!--D8F00AEF5BCF4A45832A03EFB8B9EC31-->  <AD_ORG_ID><![CDATA[0]]></AD_ORG_ID>
<!--D8F00AEF5BCF4A45832A03EFB8B9EC31-->  <NAME><![CDATA[Product BOM Versions]]></NAME>
<!--D8F00AEF5BCF4A45832A03EFB8B9EC31-->  <JAVAPACKAGE><![CDATA[org.openbravo.module.productbomversion]]></JAVAPACKAGE>
<!--D8F00AEF5BCF4A45832A03EFB8B9EC31-->  <AD_MODULE_ID><![CDATA[90BF6D14AEB94BBE9C19D67BA59F6679]]></AD_MODULE_ID>
<!--D8F00AEF5BCF4A45832A03EFB8B9EC31-->  <ISACTIVE><![CDATA[Y]]></ISACTIVE>
<!--D8F00AEF5BCF4A45832A03EFB8B9EC31--></AD_PACKAGE>

</data>
