<?xml version='1.0' encoding='UTF-8'?>
<data>
<!--1D11A1FB1085401AAB6FB3AC04C56010--><AD_REFERENCE>
<!--1D11A1FB1085401AAB6FB3AC04C56010-->  <AD_REFERENCE_ID><![CDATA[1D11A1FB1085401AAB6FB3AC04C56010]]></AD_REFERENCE_ID>
<!--1D11A1FB1085401AAB6FB3AC04C56010-->  <AD_CLIENT_ID><![CDATA[0]]></AD_CLIENT_ID>
<!--1D11A1FB1085401AAB6FB3AC04C56010-->  <AD_ORG_ID><![CDATA[0]]></AD_ORG_ID>
<!--1D11A1FB1085401AAB6FB3AC04C56010-->  <ISACTIVE><![CDATA[Y]]></ISACTIVE>
<!--1D11A1FB1085401AAB6FB3AC04C56010-->  <NAME><![CDATA[Substitute Products]]></NAME>
<!--1D11A1FB1085401AAB6FB3AC04C56010-->  <DESCRIPTION><![CDATA[Substitute Products]]></DESCRIPTION>
<!--1D11A1FB1085401AAB6FB3AC04C56010-->  <HELP><![CDATA[Simple selector that shows substitute products]]></HELP>
<!--1D11A1FB1085401AAB6FB3AC04C56010-->  <AD_MODULE_ID><![CDATA[90BF6D14AEB94BBE9C19D67BA59F6679]]></AD_MODULE_ID>
<!--1D11A1FB1085401AAB6FB3AC04C56010-->  <ISBASEREFERENCE><![CDATA[N]]></ISBASEREFERENCE>
<!--1D11A1FB1085401AAB6FB3AC04C56010-->  <PARENTREFERENCE_ID><![CDATA[95E2A8B50A254B2AAE6774B8C2F28120]]></PARENTREFERENCE_ID>
<!--1D11A1FB1085401AAB6FB3AC04C56010-->  <ISVALUEDISPLAYED><![CDATA[N]]></ISVALUEDISPLAYED>
<!--1D11A1FB1085401AAB6FB3AC04C56010--></AD_REFERENCE>

</data>
