<?xml version='1.0' encoding='UTF-8'?>
<data>
<!--7049BA01DA344D408BA2421C8078FE65--><AD_TABLE>
<!--7049BA01DA344D408BA2421C8078FE65-->  <AD_TABLE_ID><![CDATA[7049BA01DA344D408BA2421C8078FE65]]></AD_TABLE_ID>
<!--7049BA01DA344D408BA2421C8078FE65-->  <AD_CLIENT_ID><![CDATA[0]]></AD_CLIENT_ID>
<!--7049BA01DA344D408BA2421C8078FE65-->  <AD_ORG_ID><![CDATA[0]]></AD_ORG_ID>
<!--7049BA01DA344D408BA2421C8078FE65-->  <ISACTIVE><![CDATA[Y]]></ISACTIVE>
<!--7049BA01DA344D408BA2421C8078FE65-->  <NAME><![CDATA[OBPBOMV_BOM_Version]]></NAME>
<!--7049BA01DA344D408BA2421C8078FE65-->  <TABLENAME><![CDATA[OBPBOMV_BOM_Version]]></TABLENAME>
<!--7049BA01DA344D408BA2421C8078FE65-->  <CLASSNAME><![CDATA[BOMVersion]]></CLASSNAME>
<!--7049BA01DA344D408BA2421C8078FE65-->  <ISVIEW><![CDATA[N]]></ISVIEW>
<!--7049BA01DA344D408BA2421C8078FE65-->  <ACCESSLEVEL><![CDATA[3]]></ACCESSLEVEL>
<!--7049BA01DA344D408BA2421C8078FE65-->  <ISSECURITYENABLED><![CDATA[N]]></ISSECURITYENABLED>
<!--7049BA01DA344D408BA2421C8078FE65-->  <ISDELETEABLE><![CDATA[Y]]></ISDELETEABLE>
<!--7049BA01DA344D408BA2421C8078FE65-->  <ISHIGHVOLUME><![CDATA[N]]></ISHIGHVOLUME>
<!--7049BA01DA344D408BA2421C8078FE65-->  <IMPORTTABLE><![CDATA[N]]></IMPORTTABLE>
<!--7049BA01DA344D408BA2421C8078FE65-->  <ISCHANGELOG><![CDATA[N]]></ISCHANGELOG>
<!--7049BA01DA344D408BA2421C8078FE65-->  <ISDEFAULTACCT><![CDATA[N]]></ISDEFAULTACCT>
<!--7049BA01DA344D408BA2421C8078FE65-->  <DEVELOPMENTSTATUS><![CDATA[RE]]></DEVELOPMENTSTATUS>
<!--7049BA01DA344D408BA2421C8078FE65-->  <AD_PACKAGE_ID><![CDATA[D8F00AEF5BCF4A45832A03EFB8B9EC31]]></AD_PACKAGE_ID>
<!--7049BA01DA344D408BA2421C8078FE65-->  <DATAORIGINTYPE><![CDATA[Table]]></DATAORIGINTYPE>
<!--7049BA01DA344D408BA2421C8078FE65-->  <ISTREE><![CDATA[N]]></ISTREE>
<!--7049BA01DA344D408BA2421C8078FE65--></AD_TABLE>

<!--8153867B9360463280602CC7FD70B81C--><AD_TABLE>
<!--8153867B9360463280602CC7FD70B81C-->  <AD_TABLE_ID><![CDATA[8153867B9360463280602CC7FD70B81C]]></AD_TABLE_ID>
<!--8153867B9360463280602CC7FD70B81C-->  <AD_CLIENT_ID><![CDATA[0]]></AD_CLIENT_ID>
<!--8153867B9360463280602CC7FD70B81C-->  <AD_ORG_ID><![CDATA[0]]></AD_ORG_ID>
<!--8153867B9360463280602CC7FD70B81C-->  <ISACTIVE><![CDATA[Y]]></ISACTIVE>
<!--8153867B9360463280602CC7FD70B81C-->  <NAME><![CDATA[OBPBOMV_BOM_Version_Product]]></NAME>
<!--8153867B9360463280602CC7FD70B81C-->  <TABLENAME><![CDATA[OBPBOMV_BOM_Version_Product]]></TABLENAME>
<!--8153867B9360463280602CC7FD70B81C-->  <CLASSNAME><![CDATA[BOMVersionProduct]]></CLASSNAME>
<!--8153867B9360463280602CC7FD70B81C-->  <ISVIEW><![CDATA[N]]></ISVIEW>
<!--8153867B9360463280602CC7FD70B81C-->  <ACCESSLEVEL><![CDATA[3]]></ACCESSLEVEL>
<!--8153867B9360463280602CC7FD70B81C-->  <ISSECURITYENABLED><![CDATA[N]]></ISSECURITYENABLED>
<!--8153867B9360463280602CC7FD70B81C-->  <ISDELETEABLE><![CDATA[Y]]></ISDELETEABLE>
<!--8153867B9360463280602CC7FD70B81C-->  <ISHIGHVOLUME><![CDATA[N]]></ISHIGHVOLUME>
<!--8153867B9360463280602CC7FD70B81C-->  <IMPORTTABLE><![CDATA[N]]></IMPORTTABLE>
<!--8153867B9360463280602CC7FD70B81C-->  <ISCHANGELOG><![CDATA[N]]></ISCHANGELOG>
<!--8153867B9360463280602CC7FD70B81C-->  <ISDEFAULTACCT><![CDATA[N]]></ISDEFAULTACCT>
<!--8153867B9360463280602CC7FD70B81C-->  <DEVELOPMENTSTATUS><![CDATA[RE]]></DEVELOPMENTSTATUS>
<!--8153867B9360463280602CC7FD70B81C-->  <AD_PACKAGE_ID><![CDATA[D8F00AEF5BCF4A45832A03EFB8B9EC31]]></AD_PACKAGE_ID>
<!--8153867B9360463280602CC7FD70B81C-->  <DATAORIGINTYPE><![CDATA[Table]]></DATAORIGINTYPE>
<!--8153867B9360463280602CC7FD70B81C-->  <ISTREE><![CDATA[N]]></ISTREE>
<!--8153867B9360463280602CC7FD70B81C--></AD_TABLE>

</data>
