<?xml version='1.0' encoding='UTF-8'?>
<data>
<!--B2DCE0D3DF3D4F8380CCF4E854C489EA--><AD_TAB>
<!--B2DCE0D3DF3D4F8380CCF4E854C489EA-->  <AD_TAB_ID><![CDATA[B2DCE0D3DF3D4F8380CCF4E854C489EA]]></AD_TAB_ID>
<!--B2DCE0D3DF3D4F8380CCF4E854C489EA-->  <AD_CLIENT_ID><![CDATA[0]]></AD_CLIENT_ID>
<!--B2DCE0D3DF3D4F8380CCF4E854C489EA-->  <AD_ORG_ID><![CDATA[0]]></AD_ORG_ID>
<!--B2DCE0D3DF3D4F8380CCF4E854C489EA-->  <ISACTIVE><![CDATA[Y]]></ISACTIVE>
<!--B2DCE0D3DF3D4F8380CCF4E854C489EA-->  <NAME><![CDATA[BOM Versions]]></NAME>
<!--B2DCE0D3DF3D4F8380CCF4E854C489EA-->  <DESCRIPTION><![CDATA[The user can define versions of BOM products]]></DESCRIPTION>
<!--B2DCE0D3DF3D4F8380CCF4E854C489EA-->  <HELP><![CDATA[The user can define versions of BOM products]]></HELP>
<!--B2DCE0D3DF3D4F8380CCF4E854C489EA-->  <AD_TABLE_ID><![CDATA[7049BA01DA344D408BA2421C8078FE65]]></AD_TABLE_ID>
<!--B2DCE0D3DF3D4F8380CCF4E854C489EA-->  <AD_WINDOW_ID><![CDATA[140]]></AD_WINDOW_ID>
<!--B2DCE0D3DF3D4F8380CCF4E854C489EA-->  <SEQNO><![CDATA[35]]></SEQNO>
<!--B2DCE0D3DF3D4F8380CCF4E854C489EA-->  <TABLEVEL><![CDATA[1]]></TABLEVEL>
<!--B2DCE0D3DF3D4F8380CCF4E854C489EA-->  <ISSINGLEROW><![CDATA[N]]></ISSINGLEROW>
<!--B2DCE0D3DF3D4F8380CCF4E854C489EA-->  <ISINFOTAB><![CDATA[N]]></ISINFOTAB>
<!--B2DCE0D3DF3D4F8380CCF4E854C489EA-->  <ISTRANSLATIONTAB><![CDATA[N]]></ISTRANSLATIONTAB>
<!--B2DCE0D3DF3D4F8380CCF4E854C489EA-->  <ISREADONLY><![CDATA[N]]></ISREADONLY>
<!--B2DCE0D3DF3D4F8380CCF4E854C489EA-->  <HASTREE><![CDATA[N]]></HASTREE>
<!--B2DCE0D3DF3D4F8380CCF4E854C489EA-->  <PROCESSING><![CDATA[N]]></PROCESSING>
<!--B2DCE0D3DF3D4F8380CCF4E854C489EA-->  <IMPORTFIELDS><![CDATA[N]]></IMPORTFIELDS>
<!--B2DCE0D3DF3D4F8380CCF4E854C489EA-->  <ISSORTTAB><![CDATA[N]]></ISSORTTAB>
<!--B2DCE0D3DF3D4F8380CCF4E854C489EA-->  <AD_MODULE_ID><![CDATA[90BF6D14AEB94BBE9C19D67BA59F6679]]></AD_MODULE_ID>
<!--B2DCE0D3DF3D4F8380CCF4E854C489EA-->  <UIPATTERN><![CDATA[STD]]></UIPATTERN>
<!--B2DCE0D3DF3D4F8380CCF4E854C489EA-->  <SHOWPARENTBUTTONS><![CDATA[N]]></SHOWPARENTBUTTONS>
<!--B2DCE0D3DF3D4F8380CCF4E854C489EA-->  <DISPLAYLOGIC><![CDATA[@IsBOM@='Y']]></DISPLAYLOGIC>
<!--B2DCE0D3DF3D4F8380CCF4E854C489EA-->  <DISABLE_PARENT_KEY_PROPERTY><![CDATA[N]]></DISABLE_PARENT_KEY_PROPERTY>
<!--B2DCE0D3DF3D4F8380CCF4E854C489EA-->  <ISREADONLYTREE><![CDATA[N]]></ISREADONLYTREE>
<!--B2DCE0D3DF3D4F8380CCF4E854C489EA-->  <ISSHOWTREENODEICONS><![CDATA[Y]]></ISSHOWTREENODEICONS>
<!--B2DCE0D3DF3D4F8380CCF4E854C489EA-->  <EM_OBUIAPP_CAN_ADD><![CDATA[N]]></EM_OBUIAPP_CAN_ADD>
<!--B2DCE0D3DF3D4F8380CCF4E854C489EA-->  <EM_OBUIAPP_CAN_DELETE><![CDATA[N]]></EM_OBUIAPP_CAN_DELETE>
<!--B2DCE0D3DF3D4F8380CCF4E854C489EA-->  <EM_OBUIAPP_SHOW_SELECT><![CDATA[Y]]></EM_OBUIAPP_SHOW_SELECT>
<!--B2DCE0D3DF3D4F8380CCF4E854C489EA--></AD_TAB>

<!--BBDCA9ACF9864957A8A3A4FF468D59C4--><AD_TAB>
<!--BBDCA9ACF9864957A8A3A4FF468D59C4-->  <AD_TAB_ID><![CDATA[BBDCA9ACF9864957A8A3A4FF468D59C4]]></AD_TAB_ID>
<!--BBDCA9ACF9864957A8A3A4FF468D59C4-->  <AD_CLIENT_ID><![CDATA[0]]></AD_CLIENT_ID>
<!--BBDCA9ACF9864957A8A3A4FF468D59C4-->  <AD_ORG_ID><![CDATA[0]]></AD_ORG_ID>
<!--BBDCA9ACF9864957A8A3A4FF468D59C4-->  <ISACTIVE><![CDATA[Y]]></ISACTIVE>
<!--BBDCA9ACF9864957A8A3A4FF468D59C4-->  <NAME><![CDATA[Product BOM Version ]]></NAME>
<!--BBDCA9ACF9864957A8A3A4FF468D59C4-->  <DESCRIPTION><![CDATA[The user can add products to the versions ]]></DESCRIPTION>
<!--BBDCA9ACF9864957A8A3A4FF468D59C4-->  <HELP><![CDATA[The user can add products to the versions ]]></HELP>
<!--BBDCA9ACF9864957A8A3A4FF468D59C4-->  <AD_TABLE_ID><![CDATA[8153867B9360463280602CC7FD70B81C]]></AD_TABLE_ID>
<!--BBDCA9ACF9864957A8A3A4FF468D59C4-->  <AD_WINDOW_ID><![CDATA[140]]></AD_WINDOW_ID>
<!--BBDCA9ACF9864957A8A3A4FF468D59C4-->  <SEQNO><![CDATA[37]]></SEQNO>
<!--BBDCA9ACF9864957A8A3A4FF468D59C4-->  <TABLEVEL><![CDATA[2]]></TABLEVEL>
<!--BBDCA9ACF9864957A8A3A4FF468D59C4-->  <ISSINGLEROW><![CDATA[N]]></ISSINGLEROW>
<!--BBDCA9ACF9864957A8A3A4FF468D59C4-->  <ISINFOTAB><![CDATA[N]]></ISINFOTAB>
<!--BBDCA9ACF9864957A8A3A4FF468D59C4-->  <ISTRANSLATIONTAB><![CDATA[N]]></ISTRANSLATIONTAB>
<!--BBDCA9ACF9864957A8A3A4FF468D59C4-->  <ISREADONLY><![CDATA[N]]></ISREADONLY>
<!--BBDCA9ACF9864957A8A3A4FF468D59C4-->  <HASTREE><![CDATA[N]]></HASTREE>
<!--BBDCA9ACF9864957A8A3A4FF468D59C4-->  <PROCESSING><![CDATA[N]]></PROCESSING>
<!--BBDCA9ACF9864957A8A3A4FF468D59C4-->  <IMPORTFIELDS><![CDATA[N]]></IMPORTFIELDS>
<!--BBDCA9ACF9864957A8A3A4FF468D59C4-->  <ISSORTTAB><![CDATA[N]]></ISSORTTAB>
<!--BBDCA9ACF9864957A8A3A4FF468D59C4-->  <AD_MODULE_ID><![CDATA[90BF6D14AEB94BBE9C19D67BA59F6679]]></AD_MODULE_ID>
<!--BBDCA9ACF9864957A8A3A4FF468D59C4-->  <UIPATTERN><![CDATA[STD]]></UIPATTERN>
<!--BBDCA9ACF9864957A8A3A4FF468D59C4-->  <SHOWPARENTBUTTONS><![CDATA[Y]]></SHOWPARENTBUTTONS>
<!--BBDCA9ACF9864957A8A3A4FF468D59C4-->  <DISABLE_PARENT_KEY_PROPERTY><![CDATA[N]]></DISABLE_PARENT_KEY_PROPERTY>
<!--BBDCA9ACF9864957A8A3A4FF468D59C4-->  <ISREADONLYTREE><![CDATA[N]]></ISREADONLYTREE>
<!--BBDCA9ACF9864957A8A3A4FF468D59C4-->  <ISSHOWTREENODEICONS><![CDATA[Y]]></ISSHOWTREENODEICONS>
<!--BBDCA9ACF9864957A8A3A4FF468D59C4-->  <EM_OBUIAPP_CAN_ADD><![CDATA[N]]></EM_OBUIAPP_CAN_ADD>
<!--BBDCA9ACF9864957A8A3A4FF468D59C4-->  <EM_OBUIAPP_CAN_DELETE><![CDATA[N]]></EM_OBUIAPP_CAN_DELETE>
<!--BBDCA9ACF9864957A8A3A4FF468D59C4-->  <EM_OBUIAPP_SHOW_SELECT><![CDATA[Y]]></EM_OBUIAPP_SHOW_SELECT>
<!--BBDCA9ACF9864957A8A3A4FF468D59C4--></AD_TAB>

</data>
