<?xml version='1.0' encoding='UTF-8'?>
<data>
<!--062D43F7294B459E8D81970138209FD7--><OBUIAPP_PROCESS>
<!--062D43F7294B459E8D81970138209FD7-->  <OBUIAPP_PROCESS_ID><![CDATA[062D43F7294B459E8D81970138209FD7]]></OBUIAPP_PROCESS_ID>
<!--062D43F7294B459E8D81970138209FD7-->  <AD_CLIENT_ID><![CDATA[0]]></AD_CLIENT_ID>
<!--062D43F7294B459E8D81970138209FD7-->  <AD_ORG_ID><![CDATA[0]]></AD_ORG_ID>
<!--062D43F7294B459E8D81970138209FD7-->  <ISACTIVE><![CDATA[Y]]></ISACTIVE>
<!--062D43F7294B459E8D81970138209FD7-->  <VALUE><![CDATA[Substitute Process]]></VALUE>
<!--062D43F7294B459E8D81970138209FD7-->  <NAME><![CDATA[Substitute Process]]></NAME>
<!--062D43F7294B459E8D81970138209FD7-->  <DESCRIPTION><![CDATA[This process allows to add substitute products to a selected product]]></DESCRIPTION>
<!--062D43F7294B459E8D81970138209FD7-->  <HELP><![CDATA[This process allows to add substitute products to a selected product]]></HELP>
<!--062D43F7294B459E8D81970138209FD7-->  <ACCESSLEVEL><![CDATA[3]]></ACCESSLEVEL>
<!--062D43F7294B459E8D81970138209FD7-->  <CLASSNAME><![CDATA[org.openbravo.module.productbomversion.process.SubstituteProcess]]></CLASSNAME>
<!--062D43F7294B459E8D81970138209FD7-->  <ISBACKGROUND><![CDATA[N]]></ISBACKGROUND>
<!--062D43F7294B459E8D81970138209FD7-->  <AD_MODULE_ID><![CDATA[90BF6D14AEB94BBE9C19D67BA59F6679]]></AD_MODULE_ID>
<!--062D43F7294B459E8D81970138209FD7-->  <UIPATTERN><![CDATA[OBUIAPP_PickAndExecute]]></UIPATTERN>
<!--062D43F7294B459E8D81970138209FD7-->  <ISMULTIRECORD><![CDATA[N]]></ISMULTIRECORD>
<!--062D43F7294B459E8D81970138209FD7-->  <IS_EXPLICIT_ACCESS><![CDATA[N]]></IS_EXPLICIT_ACCESS>
<!--062D43F7294B459E8D81970138209FD7-->  <ISGRIDLEGACY><![CDATA[N]]></ISGRIDLEGACY>
<!--062D43F7294B459E8D81970138209FD7-->  <ISCANADDRECORDSTOSELECTOR><![CDATA[N]]></ISCANADDRECORDSTOSELECTOR>
<!--062D43F7294B459E8D81970138209FD7--></OBUIAPP_PROCESS>

<!--8414A9996094486E88A314AC29D809E0--><OBUIAPP_PROCESS>
<!--8414A9996094486E88A314AC29D809E0-->  <OBUIAPP_PROCESS_ID><![CDATA[8414A9996094486E88A314AC29D809E0]]></OBUIAPP_PROCESS_ID>
<!--8414A9996094486E88A314AC29D809E0-->  <AD_CLIENT_ID><![CDATA[0]]></AD_CLIENT_ID>
<!--8414A9996094486E88A314AC29D809E0-->  <AD_ORG_ID><![CDATA[0]]></AD_ORG_ID>
<!--8414A9996094486E88A314AC29D809E0-->  <ISACTIVE><![CDATA[Y]]></ISACTIVE>
<!--8414A9996094486E88A314AC29D809E0-->  <VALUE><![CDATA[Verify Bill Of Materials]]></VALUE>
<!--8414A9996094486E88A314AC29D809E0-->  <NAME><![CDATA[Verify Bill Of Materials]]></NAME>
<!--8414A9996094486E88A314AC29D809E0-->  <DESCRIPTION><![CDATA[This process allows to verify if there are not cycles in the bill of materials products taking into account the substitutes defined per each component.]]></DESCRIPTION>
<!--8414A9996094486E88A314AC29D809E0-->  <HELP><![CDATA[This process allows to verify if there are not cycles in the bill of materials products taking into account the substitutes defined per each component.]]></HELP>
<!--8414A9996094486E88A314AC29D809E0-->  <ACCESSLEVEL><![CDATA[3]]></ACCESSLEVEL>
<!--8414A9996094486E88A314AC29D809E0-->  <CLASSNAME><![CDATA[org.openbravo.module.productbomversion.process.VerifyBillOfMaterials]]></CLASSNAME>
<!--8414A9996094486E88A314AC29D809E0-->  <ISBACKGROUND><![CDATA[N]]></ISBACKGROUND>
<!--8414A9996094486E88A314AC29D809E0-->  <AD_MODULE_ID><![CDATA[90BF6D14AEB94BBE9C19D67BA59F6679]]></AD_MODULE_ID>
<!--8414A9996094486E88A314AC29D809E0-->  <UIPATTERN><![CDATA[OBUIAPP_PickAndExecute]]></UIPATTERN>
<!--8414A9996094486E88A314AC29D809E0-->  <ISMULTIRECORD><![CDATA[N]]></ISMULTIRECORD>
<!--8414A9996094486E88A314AC29D809E0-->  <IS_EXPLICIT_ACCESS><![CDATA[N]]></IS_EXPLICIT_ACCESS>
<!--8414A9996094486E88A314AC29D809E0-->  <ISGRIDLEGACY><![CDATA[N]]></ISGRIDLEGACY>
<!--8414A9996094486E88A314AC29D809E0-->  <ISCANADDRECORDSTOSELECTOR><![CDATA[N]]></ISCANADDRECORDSTOSELECTOR>
<!--8414A9996094486E88A314AC29D809E0--></OBUIAPP_PROCESS>

<!--96D0D57F3361427F8351075C35E33C94--><OBUIAPP_PROCESS>
<!--96D0D57F3361427F8351075C35E33C94-->  <OBUIAPP_PROCESS_ID><![CDATA[96D0D57F3361427F8351075C35E33C94]]></OBUIAPP_PROCESS_ID>
<!--96D0D57F3361427F8351075C35E33C94-->  <AD_CLIENT_ID><![CDATA[0]]></AD_CLIENT_ID>
<!--96D0D57F3361427F8351075C35E33C94-->  <AD_ORG_ID><![CDATA[0]]></AD_ORG_ID>
<!--96D0D57F3361427F8351075C35E33C94-->  <ISACTIVE><![CDATA[Y]]></ISACTIVE>
<!--96D0D57F3361427F8351075C35E33C94-->  <VALUE><![CDATA[CreateBOMVersion]]></VALUE>
<!--96D0D57F3361427F8351075C35E33C94-->  <NAME><![CDATA[Create BOM Version]]></NAME>
<!--96D0D57F3361427F8351075C35E33C94-->  <DESCRIPTION><![CDATA[This process allows to create bill of materials versions]]></DESCRIPTION>
<!--96D0D57F3361427F8351075C35E33C94-->  <HELP><![CDATA[This process allows to create bill of materials versions]]></HELP>
<!--96D0D57F3361427F8351075C35E33C94-->  <ACCESSLEVEL><![CDATA[3]]></ACCESSLEVEL>
<!--96D0D57F3361427F8351075C35E33C94-->  <CLASSNAME><![CDATA[org.openbravo.module.productbomversion.process.CreateBOMVersion]]></CLASSNAME>
<!--96D0D57F3361427F8351075C35E33C94-->  <ISBACKGROUND><![CDATA[N]]></ISBACKGROUND>
<!--96D0D57F3361427F8351075C35E33C94-->  <AD_MODULE_ID><![CDATA[90BF6D14AEB94BBE9C19D67BA59F6679]]></AD_MODULE_ID>
<!--96D0D57F3361427F8351075C35E33C94-->  <UIPATTERN><![CDATA[OBUIAPP_PickAndExecute]]></UIPATTERN>
<!--96D0D57F3361427F8351075C35E33C94-->  <ISMULTIRECORD><![CDATA[N]]></ISMULTIRECORD>
<!--96D0D57F3361427F8351075C35E33C94-->  <IS_EXPLICIT_ACCESS><![CDATA[N]]></IS_EXPLICIT_ACCESS>
<!--96D0D57F3361427F8351075C35E33C94-->  <ISGRIDLEGACY><![CDATA[N]]></ISGRIDLEGACY>
<!--96D0D57F3361427F8351075C35E33C94-->  <ISCANADDRECORDSTOSELECTOR><![CDATA[N]]></ISCANADDRECORDSTOSELECTOR>
<!--96D0D57F3361427F8351075C35E33C94--></OBUIAPP_PROCESS>

<!--CC53F92C2CB147F588FE30F67F98951B--><OBUIAPP_PROCESS>
<!--CC53F92C2CB147F588FE30F67F98951B-->  <OBUIAPP_PROCESS_ID><![CDATA[CC53F92C2CB147F588FE30F67F98951B]]></OBUIAPP_PROCESS_ID>
<!--CC53F92C2CB147F588FE30F67F98951B-->  <AD_CLIENT_ID><![CDATA[0]]></AD_CLIENT_ID>
<!--CC53F92C2CB147F588FE30F67F98951B-->  <AD_ORG_ID><![CDATA[0]]></AD_ORG_ID>
<!--CC53F92C2CB147F588FE30F67F98951B-->  <ISACTIVE><![CDATA[Y]]></ISACTIVE>
<!--CC53F92C2CB147F588FE30F67F98951B-->  <VALUE><![CDATA[Verify Bom Version]]></VALUE>
<!--CC53F92C2CB147F588FE30F67F98951B-->  <NAME><![CDATA[Verify Bom Version]]></NAME>
<!--CC53F92C2CB147F588FE30F67F98951B-->  <DESCRIPTION><![CDATA[This process allows to verify if there are not cycles in the  bill of materials products of bom versions]]></DESCRIPTION>
<!--CC53F92C2CB147F588FE30F67F98951B-->  <HELP><![CDATA[This process allows to verify if there are not cycles in the  bill of materials products of bom versions]]></HELP>
<!--CC53F92C2CB147F588FE30F67F98951B-->  <ACCESSLEVEL><![CDATA[3]]></ACCESSLEVEL>
<!--CC53F92C2CB147F588FE30F67F98951B-->  <CLASSNAME><![CDATA[org.openbravo.module.productbomversion.process.VerifyBomVersionProcess]]></CLASSNAME>
<!--CC53F92C2CB147F588FE30F67F98951B-->  <ISBACKGROUND><![CDATA[N]]></ISBACKGROUND>
<!--CC53F92C2CB147F588FE30F67F98951B-->  <AD_MODULE_ID><![CDATA[90BF6D14AEB94BBE9C19D67BA59F6679]]></AD_MODULE_ID>
<!--CC53F92C2CB147F588FE30F67F98951B-->  <UIPATTERN><![CDATA[OBUIAPP_PickAndExecute]]></UIPATTERN>
<!--CC53F92C2CB147F588FE30F67F98951B-->  <ISMULTIRECORD><![CDATA[N]]></ISMULTIRECORD>
<!--CC53F92C2CB147F588FE30F67F98951B-->  <IS_EXPLICIT_ACCESS><![CDATA[N]]></IS_EXPLICIT_ACCESS>
<!--CC53F92C2CB147F588FE30F67F98951B-->  <ISGRIDLEGACY><![CDATA[N]]></ISGRIDLEGACY>
<!--CC53F92C2CB147F588FE30F67F98951B-->  <ISCANADDRECORDSTOSELECTOR><![CDATA[N]]></ISCANADDRECORDSTOSELECTOR>
<!--CC53F92C2CB147F588FE30F67F98951B--></OBUIAPP_PROCESS>

</data>
