<?xml version='1.0' encoding='UTF-8'?>
<data>
<!--EDDF4EF40D314B8A869F0FAF09802FFC--><OBUISEL_SELECTOR>
<!--EDDF4EF40D314B8A869F0FAF09802FFC-->  <OBUISEL_SELECTOR_ID><![CDATA[EDDF4EF40D314B8A869F0FAF09802FFC]]></OBUISEL_SELECTOR_ID>
<!--EDDF4EF40D314B8A869F0FAF09802FFC-->  <AD_CLIENT_ID><![CDATA[0]]></AD_CLIENT_ID>
<!--EDDF4EF40D314B8A869F0FAF09802FFC-->  <AD_ORG_ID><![CDATA[0]]></AD_ORG_ID>
<!--EDDF4EF40D314B8A869F0FAF09802FFC-->  <AD_MODULE_ID><![CDATA[90BF6D14AEB94BBE9C19D67BA59F6679]]></AD_MODULE_ID>
<!--EDDF4EF40D314B8A869F0FAF09802FFC-->  <NAME><![CDATA[Substitute Product]]></NAME>
<!--EDDF4EF40D314B8A869F0FAF09802FFC-->  <AD_REFERENCE_ID><![CDATA[1D11A1FB1085401AAB6FB3AC04C56010]]></AD_REFERENCE_ID>
<!--EDDF4EF40D314B8A869F0FAF09802FFC-->  <AD_TABLE_ID><![CDATA[208]]></AD_TABLE_ID>
<!--EDDF4EF40D314B8A869F0FAF09802FFC-->  <WHERECLAUSE><![CDATA[e.obpbomvIssubstitute = 'Y' and e.id <> @M_Product_ID@]]></WHERECLAUSE>
<!--EDDF4EF40D314B8A869F0FAF09802FFC-->  <OBCLKER_TEMPLATE_ID><![CDATA[9314DE8599AD44E7BFC4CC50699042AB]]></OBCLKER_TEMPLATE_ID>
<!--EDDF4EF40D314B8A869F0FAF09802FFC-->  <ISACTIVE><![CDATA[Y]]></ISACTIVE>
<!--EDDF4EF40D314B8A869F0FAF09802FFC-->  <SUGGESTIONTEXTMATCHSTYLE><![CDATA[substring]]></SUGGESTIONTEXTMATCHSTYLE>
<!--EDDF4EF40D314B8A869F0FAF09802FFC-->  <POPUPTEXTMATCHSTYLE><![CDATA[substring]]></POPUPTEXTMATCHSTYLE>
<!--EDDF4EF40D314B8A869F0FAF09802FFC-->  <CUSTOM_QUERY><![CDATA[N]]></CUSTOM_QUERY>
<!--EDDF4EF40D314B8A869F0FAF09802FFC--></OBUISEL_SELECTOR>

</data>
