<?xml version='1.0' encoding='UTF-8'?>
<data>
<!--7AA239F16B954AAE9F56C1DE4E95C965--><OBUISEL_SELECTOR_FIELD>
<!--7AA239F16B954AAE9F56C1DE4E95C965-->  <OBUISEL_SELECTOR_FIELD_ID><![CDATA[7AA239F16B954AAE9F56C1DE4E95C965]]></OBUISEL_SELECTOR_FIELD_ID>
<!--7AA239F16B954AAE9F56C1DE4E95C965-->  <OBUISEL_SELECTOR_ID><![CDATA[EDDF4EF40D314B8A869F0FAF09802FFC]]></OBUISEL_SELECTOR_ID>
<!--7AA239F16B954AAE9F56C1DE4E95C965-->  <AD_CLIENT_ID><![CDATA[0]]></AD_CLIENT_ID>
<!--7AA239F16B954AAE9F56C1DE4E95C965-->  <AD_ORG_ID><![CDATA[0]]></AD_ORG_ID>
<!--7AA239F16B954AAE9F56C1DE4E95C965-->  <AD_MODULE_ID><![CDATA[90BF6D14AEB94BBE9C19D67BA59F6679]]></AD_MODULE_ID>
<!--7AA239F16B954AAE9F56C1DE4E95C965-->  <NAME><![CDATA[Product Category]]></NAME>
<!--7AA239F16B954AAE9F56C1DE4E95C965-->  <PROPERTY><![CDATA[productCategory]]></PROPERTY>
<!--7AA239F16B954AAE9F56C1DE4E95C965-->  <ISCENTRALLYMAINTAINED><![CDATA[Y]]></ISCENTRALLYMAINTAINED>
<!--7AA239F16B954AAE9F56C1DE4E95C965-->  <SORT><![CDATA[Y]]></SORT>
<!--7AA239F16B954AAE9F56C1DE4E95C965-->  <FILTER><![CDATA[Y]]></FILTER>
<!--7AA239F16B954AAE9F56C1DE4E95C965-->  <SEARCHINSUGGESTIONBOX><![CDATA[N]]></SEARCHINSUGGESTIONBOX>
<!--7AA239F16B954AAE9F56C1DE4E95C965-->  <SHOWINGRID><![CDATA[Y]]></SHOWINGRID>
<!--7AA239F16B954AAE9F56C1DE4E95C965-->  <SORTNO><![CDATA[30]]></SORTNO>
<!--7AA239F16B954AAE9F56C1DE4E95C965-->  <ISACTIVE><![CDATA[Y]]></ISACTIVE>
<!--7AA239F16B954AAE9F56C1DE4E95C965-->  <ISOUTFIELD><![CDATA[N]]></ISOUTFIELD>
<!--7AA239F16B954AAE9F56C1DE4E95C965-->  <SHOWINPICKLIST><![CDATA[N]]></SHOWINPICKLIST>
<!--7AA239F16B954AAE9F56C1DE4E95C965--></OBUISEL_SELECTOR_FIELD>

<!--8543CE48F7CF4CC498407284FD79B669--><OBUISEL_SELECTOR_FIELD>
<!--8543CE48F7CF4CC498407284FD79B669-->  <OBUISEL_SELECTOR_FIELD_ID><![CDATA[8543CE48F7CF4CC498407284FD79B669]]></OBUISEL_SELECTOR_FIELD_ID>
<!--8543CE48F7CF4CC498407284FD79B669-->  <OBUISEL_SELECTOR_ID><![CDATA[EDDF4EF40D314B8A869F0FAF09802FFC]]></OBUISEL_SELECTOR_ID>
<!--8543CE48F7CF4CC498407284FD79B669-->  <AD_CLIENT_ID><![CDATA[0]]></AD_CLIENT_ID>
<!--8543CE48F7CF4CC498407284FD79B669-->  <AD_ORG_ID><![CDATA[0]]></AD_ORG_ID>
<!--8543CE48F7CF4CC498407284FD79B669-->  <AD_MODULE_ID><![CDATA[90BF6D14AEB94BBE9C19D67BA59F6679]]></AD_MODULE_ID>
<!--8543CE48F7CF4CC498407284FD79B669-->  <AD_COLUMN_ID><![CDATA[2011]]></AD_COLUMN_ID>
<!--8543CE48F7CF4CC498407284FD79B669-->  <NAME><![CDATA[Search Key]]></NAME>
<!--8543CE48F7CF4CC498407284FD79B669-->  <DESCRIPTION><![CDATA[A fast method for finding a particular record.]]></DESCRIPTION>
<!--8543CE48F7CF4CC498407284FD79B669-->  <HELP><![CDATA[A search key allows for a fast method of finding a particular record. If you leave the search key empty, the system automatically creates a numeric number originating from a document sequence defined in the  "Document Sequence" window. The sequence naming convention follows a rule "DocumentNo_TableName", where TableName is the actual name of the database table (e.g. C_Order).

Usually, company's internal identifiers for various records (products, customers, etc) are stored here.]]></HELP>
<!--8543CE48F7CF4CC498407284FD79B669-->  <PROPERTY><![CDATA[searchKey]]></PROPERTY>
<!--8543CE48F7CF4CC498407284FD79B669-->  <ISCENTRALLYMAINTAINED><![CDATA[Y]]></ISCENTRALLYMAINTAINED>
<!--8543CE48F7CF4CC498407284FD79B669-->  <SORT><![CDATA[Y]]></SORT>
<!--8543CE48F7CF4CC498407284FD79B669-->  <FILTER><![CDATA[Y]]></FILTER>
<!--8543CE48F7CF4CC498407284FD79B669-->  <SEARCHINSUGGESTIONBOX><![CDATA[Y]]></SEARCHINSUGGESTIONBOX>
<!--8543CE48F7CF4CC498407284FD79B669-->  <SHOWINGRID><![CDATA[Y]]></SHOWINGRID>
<!--8543CE48F7CF4CC498407284FD79B669-->  <SORTNO><![CDATA[10]]></SORTNO>
<!--8543CE48F7CF4CC498407284FD79B669-->  <ISACTIVE><![CDATA[Y]]></ISACTIVE>
<!--8543CE48F7CF4CC498407284FD79B669-->  <ISOUTFIELD><![CDATA[N]]></ISOUTFIELD>
<!--8543CE48F7CF4CC498407284FD79B669-->  <SHOWINPICKLIST><![CDATA[N]]></SHOWINPICKLIST>
<!--8543CE48F7CF4CC498407284FD79B669--></OBUISEL_SELECTOR_FIELD>

<!--E6C7824CE85A4F719ADA042D7A5614D8--><OBUISEL_SELECTOR_FIELD>
<!--E6C7824CE85A4F719ADA042D7A5614D8-->  <OBUISEL_SELECTOR_FIELD_ID><![CDATA[E6C7824CE85A4F719ADA042D7A5614D8]]></OBUISEL_SELECTOR_FIELD_ID>
<!--E6C7824CE85A4F719ADA042D7A5614D8-->  <OBUISEL_SELECTOR_ID><![CDATA[EDDF4EF40D314B8A869F0FAF09802FFC]]></OBUISEL_SELECTOR_ID>
<!--E6C7824CE85A4F719ADA042D7A5614D8-->  <AD_CLIENT_ID><![CDATA[0]]></AD_CLIENT_ID>
<!--E6C7824CE85A4F719ADA042D7A5614D8-->  <AD_ORG_ID><![CDATA[0]]></AD_ORG_ID>
<!--E6C7824CE85A4F719ADA042D7A5614D8-->  <AD_MODULE_ID><![CDATA[90BF6D14AEB94BBE9C19D67BA59F6679]]></AD_MODULE_ID>
<!--E6C7824CE85A4F719ADA042D7A5614D8-->  <AD_COLUMN_ID><![CDATA[1410]]></AD_COLUMN_ID>
<!--E6C7824CE85A4F719ADA042D7A5614D8-->  <NAME><![CDATA[Name]]></NAME>
<!--E6C7824CE85A4F719ADA042D7A5614D8-->  <DESCRIPTION><![CDATA[A non-unique identifier for a record/document often used as a search tool.]]></DESCRIPTION>
<!--E6C7824CE85A4F719ADA042D7A5614D8-->  <HELP><![CDATA[A more descriptive identifier (that does need to be unique) of a record/document that is used as a default search option along with the search key (that is unique and mostly shorter). It is up to 60 characters in length.]]></HELP>
<!--E6C7824CE85A4F719ADA042D7A5614D8-->  <PROPERTY><![CDATA[name]]></PROPERTY>
<!--E6C7824CE85A4F719ADA042D7A5614D8-->  <ISCENTRALLYMAINTAINED><![CDATA[Y]]></ISCENTRALLYMAINTAINED>
<!--E6C7824CE85A4F719ADA042D7A5614D8-->  <SORT><![CDATA[Y]]></SORT>
<!--E6C7824CE85A4F719ADA042D7A5614D8-->  <FILTER><![CDATA[Y]]></FILTER>
<!--E6C7824CE85A4F719ADA042D7A5614D8-->  <SEARCHINSUGGESTIONBOX><![CDATA[N]]></SEARCHINSUGGESTIONBOX>
<!--E6C7824CE85A4F719ADA042D7A5614D8-->  <SHOWINGRID><![CDATA[Y]]></SHOWINGRID>
<!--E6C7824CE85A4F719ADA042D7A5614D8-->  <SORTNO><![CDATA[20]]></SORTNO>
<!--E6C7824CE85A4F719ADA042D7A5614D8-->  <ISACTIVE><![CDATA[Y]]></ISACTIVE>
<!--E6C7824CE85A4F719ADA042D7A5614D8-->  <ISOUTFIELD><![CDATA[N]]></ISOUTFIELD>
<!--E6C7824CE85A4F719ADA042D7A5614D8-->  <SHOWINPICKLIST><![CDATA[N]]></SHOWINPICKLIST>
<!--E6C7824CE85A4F719ADA042D7A5614D8--></OBUISEL_SELECTOR_FIELD>

</data>
