<?xml version='1.0' encoding='UTF-8'?>
<data>
<!--302B3AB72CFF4D589F0ADEA01B1AB98B--><OBUIAPP_PARAMETER>
<!--302B3AB72CFF4D589F0ADEA01B1AB98B-->  <OBUIAPP_PARAMETER_ID><![CDATA[302B3AB72CFF4D589F0ADEA01B1AB98B]]></OBUIAPP_PARAMETER_ID>
<!--302B3AB72CFF4D589F0ADEA01B1AB98B-->  <AD_CLIENT_ID><![CDATA[0]]></AD_CLIENT_ID>
<!--302B3AB72CFF4D589F0ADEA01B1AB98B-->  <AD_ORG_ID><![CDATA[0]]></AD_ORG_ID>
<!--302B3AB72CFF4D589F0ADEA01B1AB98B-->  <ISACTIVE><![CDATA[Y]]></ISACTIVE>
<!--302B3AB72CFF4D589F0ADEA01B1AB98B-->  <AD_MODULE_ID><![CDATA[90BF6D14AEB94BBE9C19D67BA59F6679]]></AD_MODULE_ID>
<!--302B3AB72CFF4D589F0ADEA01B1AB98B-->  <NAME><![CDATA[Delete old/existing records]]></NAME>
<!--302B3AB72CFF4D589F0ADEA01B1AB98B-->  <DESCRIPTION><![CDATA[Otherwise records will be added]]></DESCRIPTION>
<!--302B3AB72CFF4D589F0ADEA01B1AB98B-->  <HELP><![CDATA[Otherwise records will be added]]></HELP>
<!--302B3AB72CFF4D589F0ADEA01B1AB98B-->  <SEQNO><![CDATA[10]]></SEQNO>
<!--302B3AB72CFF4D589F0ADEA01B1AB98B-->  <AD_REFERENCE_ID><![CDATA[20]]></AD_REFERENCE_ID>
<!--302B3AB72CFF4D589F0ADEA01B1AB98B-->  <COLUMNNAME><![CDATA[deleteOld]]></COLUMNNAME>
<!--302B3AB72CFF4D589F0ADEA01B1AB98B-->  <ISCENTRALLYMAINTAINED><![CDATA[Y]]></ISCENTRALLYMAINTAINED>
<!--302B3AB72CFF4D589F0ADEA01B1AB98B-->  <FIELDLENGTH><![CDATA[1]]></FIELDLENGTH>
<!--302B3AB72CFF4D589F0ADEA01B1AB98B-->  <ISMANDATORY><![CDATA[N]]></ISMANDATORY>
<!--302B3AB72CFF4D589F0ADEA01B1AB98B-->  <AD_ELEMENT_ID><![CDATA[1669]]></AD_ELEMENT_ID>
<!--302B3AB72CFF4D589F0ADEA01B1AB98B-->  <ISFIXED><![CDATA[N]]></ISFIXED>
<!--302B3AB72CFF4D589F0ADEA01B1AB98B-->  <EVALUATEFIXEDVALUE><![CDATA[N]]></EVALUATEFIXEDVALUE>
<!--302B3AB72CFF4D589F0ADEA01B1AB98B-->  <OBUIAPP_PROCESS_ID><![CDATA[96D0D57F3361427F8351075C35E33C94]]></OBUIAPP_PROCESS_ID>
<!--302B3AB72CFF4D589F0ADEA01B1AB98B-->  <STARTINNEWLINE><![CDATA[N]]></STARTINNEWLINE>
<!--302B3AB72CFF4D589F0ADEA01B1AB98B-->  <DISPLAYEDROWS><![CDATA[5]]></DISPLAYEDROWS>
<!--302B3AB72CFF4D589F0ADEA01B1AB98B-->  <DISPLAYTITLE><![CDATA[Y]]></DISPLAYTITLE>
<!--302B3AB72CFF4D589F0ADEA01B1AB98B-->  <ATT_SHOWINDESCRIPTION><![CDATA[N]]></ATT_SHOWINDESCRIPTION>
<!--302B3AB72CFF4D589F0ADEA01B1AB98B--></OBUIAPP_PARAMETER>

<!--70E1D6117BD941969433A1602803E9A4--><OBUIAPP_PARAMETER>
<!--70E1D6117BD941969433A1602803E9A4-->  <OBUIAPP_PARAMETER_ID><![CDATA[70E1D6117BD941969433A1602803E9A4]]></OBUIAPP_PARAMETER_ID>
<!--70E1D6117BD941969433A1602803E9A4-->  <AD_CLIENT_ID><![CDATA[0]]></AD_CLIENT_ID>
<!--70E1D6117BD941969433A1602803E9A4-->  <AD_ORG_ID><![CDATA[0]]></AD_ORG_ID>
<!--70E1D6117BD941969433A1602803E9A4-->  <ISACTIVE><![CDATA[Y]]></ISACTIVE>
<!--70E1D6117BD941969433A1602803E9A4-->  <AD_MODULE_ID><![CDATA[90BF6D14AEB94BBE9C19D67BA59F6679]]></AD_MODULE_ID>
<!--70E1D6117BD941969433A1602803E9A4-->  <NAME><![CDATA[Name]]></NAME>
<!--70E1D6117BD941969433A1602803E9A4-->  <DESCRIPTION><![CDATA[A non-unique identifier for a record/document often used as a search tool.]]></DESCRIPTION>
<!--70E1D6117BD941969433A1602803E9A4-->  <HELP><![CDATA[A more descriptive identifier (that does need to be unique) of a record/document that is used as a default search option along with the search key (that is unique and mostly shorter). It is up to 60 characters in length.]]></HELP>
<!--70E1D6117BD941969433A1602803E9A4-->  <SEQNO><![CDATA[10]]></SEQNO>
<!--70E1D6117BD941969433A1602803E9A4-->  <AD_REFERENCE_ID><![CDATA[10]]></AD_REFERENCE_ID>
<!--70E1D6117BD941969433A1602803E9A4-->  <COLUMNNAME><![CDATA[Name]]></COLUMNNAME>
<!--70E1D6117BD941969433A1602803E9A4-->  <ISCENTRALLYMAINTAINED><![CDATA[Y]]></ISCENTRALLYMAINTAINED>
<!--70E1D6117BD941969433A1602803E9A4-->  <FIELDLENGTH><![CDATA[0]]></FIELDLENGTH>
<!--70E1D6117BD941969433A1602803E9A4-->  <ISMANDATORY><![CDATA[Y]]></ISMANDATORY>
<!--70E1D6117BD941969433A1602803E9A4-->  <AD_ELEMENT_ID><![CDATA[469]]></AD_ELEMENT_ID>
<!--70E1D6117BD941969433A1602803E9A4-->  <ISFIXED><![CDATA[N]]></ISFIXED>
<!--70E1D6117BD941969433A1602803E9A4-->  <EVALUATEFIXEDVALUE><![CDATA[N]]></EVALUATEFIXEDVALUE>
<!--70E1D6117BD941969433A1602803E9A4-->  <OBUIAPP_PROCESS_ID><![CDATA[062D43F7294B459E8D81970138209FD7]]></OBUIAPP_PROCESS_ID>
<!--70E1D6117BD941969433A1602803E9A4-->  <STARTINNEWLINE><![CDATA[N]]></STARTINNEWLINE>
<!--70E1D6117BD941969433A1602803E9A4-->  <DISPLAYEDROWS><![CDATA[5]]></DISPLAYEDROWS>
<!--70E1D6117BD941969433A1602803E9A4-->  <DISPLAYTITLE><![CDATA[Y]]></DISPLAYTITLE>
<!--70E1D6117BD941969433A1602803E9A4-->  <ATT_SHOWINDESCRIPTION><![CDATA[N]]></ATT_SHOWINDESCRIPTION>
<!--70E1D6117BD941969433A1602803E9A4--></OBUIAPP_PARAMETER>

<!--AD75D68A8E2D4AC38B4AC879137E016D--><OBUIAPP_PARAMETER>
<!--AD75D68A8E2D4AC38B4AC879137E016D-->  <OBUIAPP_PARAMETER_ID><![CDATA[AD75D68A8E2D4AC38B4AC879137E016D]]></OBUIAPP_PARAMETER_ID>
<!--AD75D68A8E2D4AC38B4AC879137E016D-->  <AD_CLIENT_ID><![CDATA[0]]></AD_CLIENT_ID>
<!--AD75D68A8E2D4AC38B4AC879137E016D-->  <AD_ORG_ID><![CDATA[0]]></AD_ORG_ID>
<!--AD75D68A8E2D4AC38B4AC879137E016D-->  <ISACTIVE><![CDATA[Y]]></ISACTIVE>
<!--AD75D68A8E2D4AC38B4AC879137E016D-->  <AD_MODULE_ID><![CDATA[90BF6D14AEB94BBE9C19D67BA59F6679]]></AD_MODULE_ID>
<!--AD75D68A8E2D4AC38B4AC879137E016D-->  <NAME><![CDATA[Substitute Product]]></NAME>
<!--AD75D68A8E2D4AC38B4AC879137E016D-->  <DESCRIPTION><![CDATA[Product which can be used in place of another product]]></DESCRIPTION>
<!--AD75D68A8E2D4AC38B4AC879137E016D-->  <HELP><![CDATA[The Substitute identifies the product to be used as a substitute for this product.]]></HELP>
<!--AD75D68A8E2D4AC38B4AC879137E016D-->  <SEQNO><![CDATA[20]]></SEQNO>
<!--AD75D68A8E2D4AC38B4AC879137E016D-->  <AD_REFERENCE_ID><![CDATA[95E2A8B50A254B2AAE6774B8C2F28120]]></AD_REFERENCE_ID>
<!--AD75D68A8E2D4AC38B4AC879137E016D-->  <AD_REFERENCE_VALUE_ID><![CDATA[1D11A1FB1085401AAB6FB3AC04C56010]]></AD_REFERENCE_VALUE_ID>
<!--AD75D68A8E2D4AC38B4AC879137E016D-->  <COLUMNNAME><![CDATA[Substitute_ID]]></COLUMNNAME>
<!--AD75D68A8E2D4AC38B4AC879137E016D-->  <ISCENTRALLYMAINTAINED><![CDATA[Y]]></ISCENTRALLYMAINTAINED>
<!--AD75D68A8E2D4AC38B4AC879137E016D-->  <FIELDLENGTH><![CDATA[0]]></FIELDLENGTH>
<!--AD75D68A8E2D4AC38B4AC879137E016D-->  <ISMANDATORY><![CDATA[Y]]></ISMANDATORY>
<!--AD75D68A8E2D4AC38B4AC879137E016D-->  <AD_ELEMENT_ID><![CDATA[578]]></AD_ELEMENT_ID>
<!--AD75D68A8E2D4AC38B4AC879137E016D-->  <ISFIXED><![CDATA[N]]></ISFIXED>
<!--AD75D68A8E2D4AC38B4AC879137E016D-->  <EVALUATEFIXEDVALUE><![CDATA[N]]></EVALUATEFIXEDVALUE>
<!--AD75D68A8E2D4AC38B4AC879137E016D-->  <OBUIAPP_PROCESS_ID><![CDATA[062D43F7294B459E8D81970138209FD7]]></OBUIAPP_PROCESS_ID>
<!--AD75D68A8E2D4AC38B4AC879137E016D-->  <STARTINNEWLINE><![CDATA[N]]></STARTINNEWLINE>
<!--AD75D68A8E2D4AC38B4AC879137E016D-->  <DISPLAYEDROWS><![CDATA[5]]></DISPLAYEDROWS>
<!--AD75D68A8E2D4AC38B4AC879137E016D-->  <DISPLAYTITLE><![CDATA[Y]]></DISPLAYTITLE>
<!--AD75D68A8E2D4AC38B4AC879137E016D-->  <ATT_SHOWINDESCRIPTION><![CDATA[N]]></ATT_SHOWINDESCRIPTION>
<!--AD75D68A8E2D4AC38B4AC879137E016D--></OBUIAPP_PARAMETER>

</data>
